date,ticker,spot,open,call_vol,put_vol,call_oi,put_oi,call_prem,put_prem,pc_vol,pc_oi,n_expiries,atm_iv,iv_skew,exp_move,vix,vxn,ovx,sp500,nasdaq
2026-06-29,AAPL,283.78,,371762,227125,1,0,149494056.0,61081232.0,0.6109,0.0,8,,,,17.649999618530273,29.3700008392334,45.06999969482422,7440.43017578125,25820.140625
2026-06-29,AMZN,232.69,,220724,98352,0,0,97531787.0,59983103.0,0.4456,,8,,,,17.649999618530273,29.3700008392334,45.06999969482422,7440.43017578125,25820.140625
2026-06-29,GOOGL,337.39,,122907,66786,0,0,42644836.0,35068490.0,0.5434,,8,,,,17.649999618530273,29.3700008392334,45.06999969482422,7440.43017578125,25820.140625
2026-06-29,JPM,329.05,,20464,13494,1484,157,7503046.0,4728743.0,0.6594,0.1058,7,,,,17.649999618530273,29.3700008392334,45.06999969482422,7440.43017578125,25820.140625
2026-06-29,META,550.25,,107431,57177,4,21,60423726.0,191721302.0,0.5322,5.25,8,,,,17.649999618530273,29.3700008392334,45.06999969482422,7440.43017578125,25820.140625
2026-06-29,MSFT,372.97,,374271,128687,0,0,205809390.0,83155774.0,0.3438,,8,,,,17.649999618530273,29.3700008392334,45.06999969482422,7440.43017578125,25820.140625
2026-06-29,NVDA,192.53,,836320,499897,0,0,171468494.0,196277884.0,0.5977,,8,,,,17.649999618530273,29.3700008392334,45.06999969482422,7440.43017578125,25820.140625
2026-06-29,TSLA,379.71,,537939,463460,226,1418,323580375.0,300860826.0,0.8615,6.2743,8,,,,17.649999618530273,29.3700008392334,45.06999969482422,7440.43017578125,25820.140625
2026-06-29,WMT,115.69,,36279,16809,0,0,4342953.0,3764112.0,0.4633,,7,,,,17.649999618530273,29.3700008392334,45.06999969482422,7440.43017578125,25820.140625
2026-06-29,XOM,136.54,,17850,7714,1,445,2395960.0,3341968.0,0.4322,445.0,7,,,,17.649999618530273,29.3700008392334,45.06999969482422,7440.43017578125,25820.140625
2026-06-30,AAPL,281.74,,263161,156805,1,0,64373847.0,54843669.0,0.5959,0.0,8,,,,16.450000762939453,27.110000610351562,43.16999816894531,7499.35986328125,26213.720703125
2026-06-30,AMZN,240.14,,362621,147605,0,0,152567077.0,64233686.0,0.4071,,8,,,,16.450000762939453,27.110000610351562,43.16999816894531,7499.35986328125,26213.720703125
2026-06-30,GOOGL,353.65,,149825,57902,0,0,78323575.0,18438391.0,0.3865,,8,,,,16.450000762939453,27.110000610351562,43.16999816894531,7499.35986328125,26213.720703125
2026-06-30,JPM,329.39,,19450,14019,955,157,10592153.0,4507145.0,0.7208,0.1644,7,,,,16.450000762939453,27.110000610351562,43.16999816894531,7499.35986328125,26213.720703125
2026-06-30,META,562.6,,110990,50519,4,21,61154711.0,186688605.0,0.4552,5.25,8,,,,16.450000762939453,27.110000610351562,43.16999816894531,7499.35986328125,26213.720703125
2026-06-30,MSFT,368.57,,257983,91537,0,0,85526248.0,71747041.0,0.3548,,8,,,,16.450000762939453,27.110000610351562,43.16999816894531,7499.35986328125,26213.720703125
2026-06-30,NVDA,194.97,,858830,451478,0,0,273701978.0,120474423.0,0.5257,,8,,,,16.450000762939453,27.110000610351562,43.16999816894531,7499.35986328125,26213.720703125
2026-06-30,TSLA,411.84,,763888,562207,226,1248,998932702.0,209983269.0,0.736,5.5221,8,,,,16.450000762939453,27.110000610351562,43.16999816894531,7499.35986328125,26213.720703125
2026-06-30,WMT,114.6,,42830,29764,0,0,4540197.0,5790548.0,0.6949,,7,,,,16.450000762939453,27.110000610351562,43.16999816894531,7499.35986328125,26213.720703125
2026-06-30,XOM,136.06,,20299,10225,1,445,2521258.0,4276244.0,0.5037,445.0,7,,,,16.450000762939453,27.110000610351562,43.16999816894531,7499.35986328125,26213.720703125
2026-07-01,AAPL,289.36,,610756,324088,1,0,159763001.0,46535822.0,0.5306,0.0,8,,,,16.59000015258789,27.690000534057617,40.7599983215332,7483.22998046875,26040.029296875
2026-07-01,AMZN,238.34,,356593,161747,0,0,114546416.0,84923279.0,0.4536,,8,,,,16.59000015258789,27.690000534057617,40.7599983215332,7483.22998046875,26040.029296875
2026-07-01,GOOGL,357.37,,153634,69940,0,0,72417209.0,16522618.0,0.4552,,8,,,,16.59000015258789,27.690000534057617,40.7599983215332,7483.22998046875,26040.029296875
2026-07-01,JPM,327.33,,22424,11283,883,157,11896001.0,4064098.0,0.5032,0.1778,7,,,,16.59000015258789,27.690000534057617,40.7599983215332,7483.22998046875,26040.029296875
2026-07-01,META,563.29,,178709,86017,3,21,108049916.0,181106568.0,0.4813,7.0,8,,,,16.59000015258789,27.690000534057617,40.7599983215332,7483.22998046875,26040.029296875
2026-07-01,MSFT,373.02,,308765,85280,0,0,102329968.0,30945732.0,0.2762,,8,,,,16.59000015258789,27.690000534057617,40.7599983215332,7483.22998046875,26040.029296875
2026-07-01,NVDA,200.09,,1315341,589326,0,0,367677700.0,85724093.0,0.448,,8,,,,16.59000015258789,27.690000534057617,40.7599983215332,7483.22998046875,26040.029296875
2026-07-01,TSLA,420.6,,1356323,763987,226,1246,994458882.0,227281619.0,0.5633,5.5133,8,,,,16.59000015258789,27.690000534057617,40.7599983215332,7483.22998046875,26040.029296875
2026-07-01,WMT,113.26,,48578,24220,0,0,6465854.0,4589209.0,0.4986,,7,,,,16.59000015258789,27.690000534057617,40.7599983215332,7483.22998046875,26040.029296875
2026-07-01,XOM,136.72,,22091,7241,1,445,7703916.0,2522874.0,0.3278,445.0,7,,,,16.59000015258789,27.690000534057617,40.7599983215332,7483.22998046875,26040.029296875
2026-07-02,AAPL,294.38,,324419,165897,1,0,98993467.0,40395324.0,0.5114,0.0,8,,,,16.149999618530273,27.979999542236328,41.619998931884766,7483.240234375,25832.669921875
2026-07-02,AMZN,241.7,,307457,110438,0,0,154217286.0,49998465.0,0.3592,,8,,,,16.149999618530273,27.979999542236328,41.619998931884766,7483.240234375,25832.669921875
2026-07-02,GOOGL,361.21,,104492,68916,0,0,57383102.0,18082535.0,0.6595,,8,,,,16.149999618530273,27.979999542236328,41.619998931884766,7483.240234375,25832.669921875
2026-07-02,JPM,334.07,,35008,15861,883,157,16700567.0,2945760.0,0.4531,0.1778,7,,,,16.149999618530273,27.979999542236328,41.619998931884766,7483.240234375,25832.669921875
2026-07-02,META,612.91,,545365,161588,28173,21,513862179.0,114999757.0,0.2963,0.0007,8,,,,16.149999618530273,27.979999542236328,41.619998931884766,7483.240234375,25832.669921875
2026-07-02,MSFT,384.28,,390360,93116,0,0,184333851.0,72858396.0,0.2385,,8,,,,16.149999618530273,27.979999542236328,41.619998931884766,7483.240234375,25832.669921875
2026-07-02,NVDA,197.58,,877009,539201,0,0,216981640.0,107850759.0,0.6148,,8,,,,16.149999618530273,27.979999542236328,41.619998931884766,7483.240234375,25832.669921875
2026-07-02,TSLA,425.3,,683388,482156,226,1246,552997190.0,230029022.0,0.7055,5.5133,8,,,,16.149999618530273,27.979999542236328,41.619998931884766,7483.240234375,25832.669921875
2026-07-02,WMT,108.82,,106699,117394,0,2008,13964959.0,62364118.0,1.1002,,7,,,,16.149999618530273,27.979999542236328,41.619998931884766,7483.240234375,25832.669921875
2026-07-02,XOM,136.28,,11590,12496,1,445,2312582.0,11187436.0,1.0782,445.0,7,,,,16.149999618530273,27.979999542236328,41.619998931884766,7483.240234375,25832.669921875
2026-07-03,AAPL,308.63,,501087,295312,982808,554849,346347388.0,50685613.0,0.5893,0.5646,8,,,,16.149999618530273,27.979999542236328,41.619998931884766,7483.240234375,25832.669921875
2026-07-03,AMZN,242.67,,237481,86291,1127299,472534,115590852.0,47215688.0,0.3634,0.4192,8,,,,16.149999618530273,27.979999542236328,41.619998931884766,7483.240234375,25832.669921875
2026-07-03,GOOGL,359.91,,91581,43637,550495,357258,58316719.0,22913938.0,0.4765,0.649,8,,,,16.149999618530273,27.979999542236328,41.619998931884766,7483.240234375,25832.669921875
2026-07-03,JPM,334.47,,43273,11335,113426,103932,120036037.0,5323482.0,0.2619,0.9163,6,,,,16.149999618530273,27.979999542236328,41.619998931884766,7483.240234375,25832.669921875
2026-07-03,META,582.9,,206653,86281,620743,259213,122289612.0,124578976.0,0.4175,0.4176,8,,,,16.149999618530273,27.979999542236328,41.619998931884766,7483.240234375,25832.669921875
2026-07-03,MSFT,390.49,,254124,70971,1177207,423496,162817421.0,52518161.0,0.2793,0.3597,8,,,,16.149999618530273,27.979999542236328,41.619998931884766,7483.240234375,25832.669921875
2026-07-03,NVDA,194.83,,974768,493332,1937842,1594979,214065134.0,173419346.0,0.5061,0.8231,8,,,,16.149999618530273,27.979999542236328,41.619998931884766,7483.240234375,25832.669921875
2026-07-03,TSLA,393.45,,917585,638505,916858,644797,458163838.0,656565910.0,0.6959,0.7033,8,,,,16.149999618530273,27.979999542236328,41.619998931884766,7483.240234375,25832.669921875
2026-07-03,WMT,111.84,,155394,54585,186718,191148,17628785.0,12519276.0,0.3513,1.0237,6,,,,16.149999618530273,27.979999542236328,41.619998931884766,7483.240234375,25832.669921875
2026-07-03,XOM,137.09,,26396,13831,142855,91444,3852013.0,10310093.0,0.524,0.6401,6,,,,16.149999618530273,27.979999542236328,41.619998931884766,7483.240234375,25832.669921875
2026-07-04,AAPL,308.63,294.12,501087,295312,982808,554849,346347388.0,50685613.0,0.5893,0.5646,8,0.3054,0.0071,0.0831,16.149999618530273,27.979999542236328,41.619998931884766,7483.240234375,25832.669921875
2026-07-04,AMZN,242.67,241.61,237481,86291,1127299,472534,115590852.0,47215688.0,0.3634,0.4192,8,0.4201,-0.0311,0.1143,16.149999618530273,27.979999542236328,41.619998931884766,7483.240234375,25832.669921875
2026-07-04,GOOGL,359.91,359.48,91581,43637,550495,357258,58316719.0,22913938.0,0.4765,0.649,8,0.4252,-0.0245,0.1156,16.149999618530273,27.979999542236328,41.619998931884766,7483.240234375,25832.669921875
2026-07-04,JPM,334.47,338.02,43273,11335,113426,103932,120036037.0,5323482.0,0.2619,0.9163,6,0.2839,0.0334,0.0772,16.149999618530273,27.979999542236328,41.619998931884766,7483.240234375,25832.669921875
2026-07-04,META,582.9,607.9,206653,86281,620743,259213,122289612.0,124578976.0,0.4175,0.4176,8,0.4884,-0.0355,0.1328,16.149999618530273,27.979999542236328,41.619998931884766,7483.240234375,25832.669921875
2026-07-04,MSFT,390.49,384.48,254124,70971,1177207,423496,162817421.0,52518161.0,0.2793,0.3597,8,0.4438,-0.0133,0.1207,16.149999618530273,27.979999542236328,41.619998931884766,7483.240234375,25832.669921875
2026-07-04,NVDA,194.83,197.14,974768,493332,1937842,1594979,214065134.0,173419346.0,0.5061,0.8231,8,0.4018,0.0203,0.1093,16.149999618530273,27.979999542236328,41.619998931884766,7483.240234375,25832.669921875
2026-07-04,TSLA,393.45,428.01,917585,638505,916858,644797,458163838.0,656565910.0,0.6959,0.7033,8,0.4811,-0.0074,0.1308,16.149999618530273,27.979999542236328,41.619998931884766,7483.240234375,25832.669921875
2026-07-04,WMT,111.84,109.33,155394,54585,186718,191148,17628785.0,12519276.0,0.3513,1.0237,6,0.2608,-0.0132,0.0709,16.149999618530273,27.979999542236328,41.619998931884766,7483.240234375,25832.669921875
2026-07-04,XOM,137.09,137.15,26396,13831,142855,91444,3852013.0,10310093.0,0.524,0.6401,6,0.306,-0.0088,0.0832,16.149999618530273,27.979999542236328,41.619998931884766,7483.240234375,25832.669921875
2026-07-06,AAPL,308.63,294.12,457294,279800,1,0,301266446.0,35736331.0,0.6119,0.0,8,0.0156,0.0,0.0041,15.569999694824219,26.809999465942383,40.33000183105469,7537.43017578125,26121.16015625
2026-07-06,AMZN,242.67,241.61,210965,111718,0,0,102586779.0,106905136.0,0.5296,,8,0.0313,0.0312,0.0082,15.569999694824219,26.809999465942383,40.33000183105469,7537.43017578125,26121.16015625
2026-07-06,GOOGL,359.91,359.48,83703,44861,0,0,45677642.0,16381194.0,0.536,,8,0.0156,0.0,0.0041,15.569999694824219,26.809999465942383,40.33000183105469,7537.43017578125,26121.16015625
2026-07-06,JPM,334.47,338.02,44642,11398,589,140,124959572.0,5345641.0,0.2553,0.2377,7,0.0156,0.0,0.0046,15.569999694824219,26.809999465942383,40.33000183105469,7537.43017578125,26121.16015625
2026-07-06,META,582.9,607.9,195229,82778,3,21,90537625.0,102646765.0,0.424,7.0,8,0.0156,0.0,0.0041,15.569999694824219,26.809999465942383,40.33000183105469,7537.43017578125,26121.16015625
2026-07-06,MSFT,390.49,384.48,227405,60992,0,0,112487714.0,34576177.0,0.2682,,8,0.0156,0.0,0.0041,15.569999694824219,26.809999465942383,40.33000183105469,7537.43017578125,26121.16015625
2026-07-06,NVDA,194.83,197.14,900087,439123,0,0,168154132.0,142500828.0,0.4879,,8,0.0313,0.0312,0.0082,15.569999694824219,26.809999465942383,40.33000183105469,7537.43017578125,26121.16015625
2026-07-06,TSLA,393.45,428.01,888064,625909,218,1246,373875893.0,610292652.0,0.7048,5.7156,8,0.0156,0.0,0.0041,15.569999694824219,26.809999465942383,40.33000183105469,7537.43017578125,26121.16015625
2026-07-06,WMT,111.84,109.33,157719,55555,0,0,18857269.0,12660214.0,0.3522,,7,0.0156,0.0,0.0046,15.569999694824219,26.809999465942383,40.33000183105469,7537.43017578125,26121.16015625
2026-07-06,XOM,137.09,137.15,26632,14751,1,445,3906775.0,10675664.0,0.5539,445.0,7,0.0156,0.0,0.0046,15.569999694824219,26.809999465942383,40.33000183105469,7537.43017578125,26121.16015625
2026-07-07,AAPL,312.66,307.36,338815,186925,1,0,181529310.0,28877957.0,0.5517,0.0,8,0.0156,0.0,0.0046,16.1299991607666,27.920000076293945,47.59000015258789,7503.85009765625,25818.689453125
2026-07-07,AMZN,244.16,243.8,253340,113305,0,0,146795178.0,78573026.0,0.4472,,8,0.0156,0.0312,0.0046,16.1299991607666,27.920000076293945,47.59000015258789,7503.85009765625,25818.689453125
2026-07-07,GOOGL,366.46,361.55,103484,42488,0,0,62420663.0,14310767.0,0.4106,,8,0.0156,0.0,0.0046,16.1299991607666,27.920000076293945,47.59000015258789,7503.85009765625,25818.689453125
2026-07-07,JPM,337.72,335.0,73821,14691,589,140,103234220.0,3375141.0,0.199,0.2377,7,0.0156,0.0,0.0046,16.1299991607666,27.920000076293945,47.59000015258789,7503.85009765625,25818.689453125
2026-07-07,META,600.29,594.84,168769,58619,3,21,127950451.0,56072519.0,0.3473,7.0,8,0.0156,0.0,0.0046,16.1299991607666,27.920000076293945,47.59000015258789,7503.85009765625,25818.689453125
2026-07-07,MSFT,386.74,387.04,151300,62001,0,0,71712286.0,37738831.0,0.4098,,8,0.0156,0.0,0.0046,16.1299991607666,27.920000076293945,47.59000015258789,7503.85009765625,25818.689453125
2026-07-07,NVDA,195.55,194.42,689353,316992,0,0,167765948.0,87001102.0,0.4598,,8,0.0234,0.0,0.0068,16.1299991607666,27.920000076293945,47.59000015258789,7503.85009765625,25818.689453125
2026-07-07,TSLA,419.77,397.5,884854,463552,218,1246,1008374079.0,178031673.0,0.5239,5.7156,8,0.0156,0.0,0.0046,16.1299991607666,27.920000076293945,47.59000015258789,7503.85009765625,25818.689453125
2026-07-07,WMT,110.65,111.4,86925,23905,0,0,9988699.0,5641602.0,0.275,,7,0.0156,0.0,0.0046,16.1299991607666,27.920000076293945,47.59000015258789,7503.85009765625,25818.689453125
2026-07-07,XOM,136.44,136.55,12733,9026,1,19,1870547.0,9308611.0,0.7089,19.0,7,0.0234,0.0,0.0068,16.1299991607666,27.920000076293945,47.59000015258789,7503.85009765625,25818.689453125
2026-07-08,AAPL,310.66,315.29,428994,395122,1,0,96178286.0,70113678.0,0.921,0.0,8,0.0156,0.0,0.0033,16.899999618530273,27.860000610351562,50.45000076293945,7482.7099609375,25870.650390625
2026-07-08,AMZN,245.98,246.98,344401,154033,0,0,132677528.0,77568718.0,0.4472,,8,0.0156,0.0,0.0033,16.899999618530273,27.860000610351562,50.45000076293945,7482.7099609375,25870.650390625
2026-07-08,GOOGL,367.03,369.07,165016,54654,3,0,42671370.0,14956540.0,0.3312,0.0,8,0.0156,0.0,0.0033,16.899999618530273,27.860000610351562,50.45000076293945,7482.7099609375,25870.650390625
2026-07-08,JPM,339.22,340.98,41513,11191,589,133,73835310.0,3283396.0,0.2696,0.2258,7,0.0156,0.0,0.0045,16.899999618530273,27.860000610351562,50.45000076293945,7482.7099609375,25870.650390625
2026-07-08,META,615.58,607.59,371064,123433,9,21,251584906.0,90811906.0,0.3326,2.3333,8,0.0156,0.0,0.0033,16.899999618530273,27.860000610351562,50.45000076293945,7482.7099609375,25870.650390625
2026-07-08,MSFT,388.84,392.49,336162,92704,0,0,87943007.0,39407435.0,0.2758,,8,0.0156,0.0,0.0033,16.899999618530273,27.860000610351562,50.45000076293945,7482.7099609375,25870.650390625
2026-07-08,NVDA,196.93,192.37,1357522,674087,0,1563,342818432.0,117328906.0,0.4966,,8,0.0156,0.0,0.0033,16.899999618530273,27.860000610351562,50.45000076293945,7482.7099609375,25870.650390625
2026-07-08,TSLA,402.9,416.96,974574,1018392,222,1248,344370843.0,733552545.0,1.045,5.6216,8,0.0156,-0.0312,0.0039,16.899999618530273,27.860000610351562,50.45000076293945,7482.7099609375,25870.650390625
2026-07-08,WMT,111.54,112.97,134572,24447,46,33,14085120.0,7483237.0,0.1817,0.7174,7,0.0156,0.0,0.0045,16.899999618530273,27.860000610351562,50.45000076293945,7482.7099609375,25870.650390625
2026-07-08,XOM,141.69,138.56,65218,13460,4,80,14143362.0,2896987.0,0.2064,20.0,7,0.0156,0.0,0.0045,16.899999618530273,27.860000610351562,50.45000076293945,7482.7099609375,25870.650390625
2026-07-09,AAPL,313.39,311.91,238464,223790,1,0,113644465.0,28847924.0,0.9385,0.0,8,0.0234,-0.0312,0.0058,15.84000015258789,26.90999984741211,45.9900016784668,7543.64013671875,26206.890625
2026-07-09,AMZN,243.62,244.27,135878,71858,0,0,69429273.0,47576254.0,0.5288,,8,0.0234,0.0312,0.0058,15.84000015258789,26.90999984741211,45.9900016784668,7543.64013671875,26206.890625
2026-07-09,GOOGL,361.92,364.76,76027,28865,0,2173,35385461.0,12447235.0,0.3797,,8,0.0156,0.0,0.0038,15.84000015258789,26.90999984741211,45.9900016784668,7543.64013671875,26206.890625
2026-07-09,JPM,330.62,336.53,34211,17723,588,109,71634365.0,7002132.0,0.518,0.1854,7,0.0156,0.0,0.0044,15.84000015258789,26.90999984741211,45.9900016784668,7543.64013671875,26206.890625
2026-07-09,META,603.12,614.39,114904,47278,0,21,76959258.0,65227672.0,0.4115,,8,0.0156,0.0,0.0038,15.84000015258789,26.90999984741211,45.9900016784668,7543.64013671875,26206.890625
2026-07-09,MSFT,383.34,384.03,125445,36618,0,0,40348612.0,20797723.0,0.2919,,8,0.0156,-0.0312,0.0038,15.84000015258789,26.90999984741211,45.9900016784668,7543.64013671875,26206.890625
2026-07-09,NVDA,204.12,195.18,1397745,502152,0,0,606419785.0,72193032.0,0.3593,,8,0.0234,-0.0312,0.0058,15.84000015258789,26.90999984741211,45.9900016784668,7543.64013671875,26206.890625
2026-07-09,TSLA,394.06,399.38,556780,362840,212,1248,273784892.0,254549028.0,0.6517,5.8868,8,0.0156,0.0,0.0044,15.84000015258789,26.90999984741211,45.9900016784668,7543.64013671875,26206.890625
2026-07-09,WMT,113.1,113.15,68847,24030,0,0,7205882.0,6560362.0,0.349,,7,0.0156,0.0312,0.0044,15.84000015258789,26.90999984741211,45.9900016784668,7543.64013671875,26206.890625
2026-07-09,XOM,141.13,143.44,76566,15767,1,19,9391697.0,3139730.0,0.2059,19.0,7,0.0234,0.0,0.0066,15.84000015258789,26.90999984741211,45.9900016784668,7543.64013671875,26206.890625
2026-07-10,AAPL,316.22,310.51,538739,323757,0,0,227557158.0,24076994.0,0.601,,8,0.0156,0.0312,0.0038,15.029999732971191,24.889999389648438,44.66999816894531,7575.39013671875,26281.609375
2026-07-10,AMZN,247.04,239.82,362544,123980,0,0,199350036.0,32051656.0,0.342,,8,0.0234,0.0,0.0056,15.029999732971191,24.889999389648438,44.66999816894531,7575.39013671875,26281.609375
2026-07-10,GOOGL,358.89,354.31,178088,81557,0,0,70121684.0,20550449.0,0.458,,8,0.0156,0.0312,0.0038,15.029999732971191,24.889999389648438,44.66999816894531,7575.39013671875,26281.609375
2026-07-10,JPM,335.47,331.46,31642,12352,565,109,60476487.0,2697902.0,0.3904,0.1929,7,0.0156,0.0,0.0043,15.029999732971191,24.889999389648438,44.66999816894531,7575.39013671875,26281.609375
2026-07-10,META,631.48,583.99,569369,194602,0,21,936709916.0,72711275.0,0.3418,,8,0.0156,-0.0312,0.0038,15.029999732971191,24.889999389648438,44.66999816894531,7575.39013671875,26281.609375
2026-07-10,MSFT,384.36,374.45,240927,113144,0,0,102779669.0,176631650.0,0.4696,,8,0.0156,0.0,0.0038,15.029999732971191,24.889999389648438,44.66999816894531,7575.39013671875,26281.609375
2026-07-10,NVDA,202.78,204.46,1846535,690245,0,0,378373472.0,104127895.0,0.3738,,8,0.0156,-0.0312,0.0038,15.029999732971191,24.889999389648438,44.66999816894531,7575.39013671875,26281.609375
2026-07-10,TSLA,406.55,393.99,1423758,697046,212,1246,1035788765.0,231830623.0,0.4896,5.8774,8,0.0156,0.0,0.0043,15.029999732971191,24.889999389648438,44.66999816894531,7575.39013671875,26281.609375
2026-07-10,WMT,112.21,111.24,42986,44925,0,0,5047858.0,33095053.0,1.0451,,7,0.0156,0.0,0.0043,15.029999732971191,24.889999389648438,44.66999816894531,7575.39013671875,26281.609375
2026-07-10,XOM,137.46,139.66,51243,13123,1,19,4550168.0,4985888.0,0.2561,19.0,7,0.0156,0.0,0.0043,15.029999732971191,24.889999389648438,44.66999816894531,7575.39013671875,26281.609375
2026-07-13,AAPL,315.32,314.72,308631,162886,0,0,137089803.0,20418306.0,0.5278,,8,0.0156,0.0,0.0041,17.15999984741211,27.299999237060547,60.25,7515.33984375,25873.1796875
2026-07-13,AMZN,245.34,249.55,231225,82249,0,0,99552877.0,31742714.0,0.3557,,8,0.0156,-0.0312,0.0041,17.15999984741211,27.299999237060547,60.25,7515.33984375,25873.1796875
2026-07-13,GOOGL,357.18,357.53,105896,51404,0,0,47457305.0,15121511.0,0.4854,,8,0.0156,0.0,0.0041,17.15999984741211,27.299999237060547,60.25,7515.33984375,25873.1796875
2026-07-13,JPM,336.47,337.47,23172,12549,565,109,52468268.0,4731864.0,0.5416,0.1929,7,0.0156,0.0,0.0046,17.15999984741211,27.299999237060547,60.25,7515.33984375,25873.1796875
2026-07-13,META,669.21,660.34,396414,124981,4,21,622913530.0,74864886.0,0.3153,5.25,8,0.0156,0.0,0.0041,17.15999984741211,27.299999237060547,60.25,7515.33984375,25873.1796875
2026-07-13,MSFT,385.1,387.8,197995,59744,0,0,75276103.0,57853645.0,0.3017,,8,0.0156,0.0,0.0041,17.15999984741211,27.299999237060547,60.25,7515.33984375,25873.1796875
2026-07-13,NVDA,210.96,202.0,1307747,577870,0,0,545882290.0,84539643.0,0.4419,,8,0.0234,0.0312,0.0061,17.15999984741211,27.299999237060547,60.25,7515.33984375,25873.1796875
2026-07-13,TSLA,407.76,410.49,607813,422261,212,1246,358541665.0,204531659.0,0.6947,5.8774,8,0.0156,0.0,0.0046,17.15999984741211,27.299999237060547,60.25,7515.33984375,25873.1796875
2026-07-13,WMT,113.9,111.95,55311,18015,0,0,7772195.0,9433096.0,0.3257,,7,0.0156,0.0,0.0046,17.15999984741211,27.299999237060547,60.25,7515.33984375,25873.1796875
2026-07-13,XOM,138.88,137.9,29175,6557,1,19,3210241.0,1771647.0,0.2247,19.0,7,0.0156,0.0,0.0046,17.15999984741211,27.299999237060547,60.25,7515.33984375,25873.1796875
2026-07-14,AAPL,317.31,317.02,408428,194362,693399,401950,146390099.0,41383213.0,0.4759,0.5797,8,0.2909,0.0094,0.0848,16.5,26.280000686645508,59.88999938964844,7543.58984375,26107.009765625
2026-07-14,AMZN,247.31,244.68,255330,92409,613763,284908,165215598.0,98933480.0,0.3619,0.4642,8,0.4463,-0.0156,0.1301,16.5,26.280000686645508,59.88999938964844,7543.58984375,26107.009765625
2026-07-14,GOOGL,352.51,356.19,75262,42311,317433,233503,40970749.0,18347623.0,0.5622,0.7356,8,0.4106,-0.0343,0.1197,16.5,26.280000686645508,59.88999938964844,7543.58984375,26107.009765625
2026-07-14,JPM,334.53,338.34,46992,36518,565,109,56130769.0,6838755.0,0.7771,0.1929,6,0.0156,0.0,0.0046,16.5,26.280000686645508,59.88999938964844,7543.58984375,26107.009765625
2026-07-14,META,656.73,661.38,176479,71509,1,16,152942225.0,50982515.0,0.4052,16.0,8,0.0156,0.0,0.0046,16.5,26.280000686645508,59.88999938964844,7543.58984375,26107.009765625
2026-07-14,MSFT,390.99,387.75,219170,70524,0,3,109194911.0,64923450.0,0.3218,,8,0.0156,0.0,0.0046,16.5,26.280000686645508,59.88999938964844,7543.58984375,26107.009765625
2026-07-14,NVDA,203.53,208.54,717650,409502,1608913,1157036,149373907.0,135107164.0,0.5706,0.7191,8,0.4015,-0.0074,0.117,16.5,26.280000686645508,59.88999938964844,7543.58984375,26107.009765625
2026-07-14,TSLA,394.76,404.61,511752,374753,908806,715744,331067314.0,349393686.0,0.7323,0.7876,8,0.4828,-0.0194,0.1407,16.5,26.280000686645508,59.88999938964844,7543.58984375,26107.009765625
2026-07-14,WMT,114.78,114.73,57344,20815,215558,208833,7398744.0,9127752.0,0.363,0.9688,6,0.2763,-0.0305,0.0805,16.5,26.280000686645508,59.88999938964844,7543.58984375,26107.009765625
2026-07-14,XOM,144.51,140.92,58434,17775,177784,100500,15055635.0,2785640.0,0.3042,0.5653,6,0.3743,-0.0085,0.1091,16.5,26.280000686645508,59.88999938964844,7543.58984375,26107.009765625
2026-07-15,AAPL,,,377628,259495,0,0,137613482.0,35442225.0,0.6872,,8,,,,15.670000076293945,25.649999618530273,58.959999084472656,7572.39990234375,26269.23046875
2026-07-15,AMZN,,,306471,111003,0,0,187831093.0,94409380.0,0.3622,,8,,,,15.670000076293945,25.649999618530273,58.959999084472656,7572.39990234375,26269.23046875
2026-07-15,GOOGL,,,206008,63222,0,0,87782176.0,13073641.0,0.3069,,8,,,,15.670000076293945,25.649999618530273,58.959999084472656,7572.39990234375,26269.23046875
2026-07-15,JPM,,,69814,39547,522,109,55236244.0,5282729.0,0.5665,0.2088,7,,,,15.670000076293945,25.649999618530273,58.959999084472656,7572.39990234375,26269.23046875
2026-07-15,META,661.04,652.0,196049,92424,0,16,188615068.0,47392254.0,0.4714,,8,0.0156,0.0,0.0045,15.670000076293945,25.649999618530273,58.959999084472656,7572.39990234375,26269.23046875
2026-07-15,MSFT,,,272418,100817,0,0,93036703.0,80262310.0,0.3701,,8,,,,15.670000076293945,25.649999618530273,58.959999084472656,7572.39990234375,26269.23046875
2026-07-15,NVDA,,,1878528,766742,0,0,689467710.0,95834554.0,0.4082,,8,,,,15.670000076293945,25.649999618530273,58.959999084472656,7572.39990234375,26269.23046875
2026-07-15,TSLA,,,850283,533919,309,1282,374690190.0,363263461.0,0.6279,4.1489,8,,,,15.670000076293945,25.649999618530273,58.959999084472656,7572.39990234375,26269.23046875
2026-07-15,WMT,,,39028,18328,0,0,10438513.0,6919388.0,0.4696,,7,,,,15.670000076293945,25.649999618530273,58.959999084472656,7572.39990234375,26269.23046875
2026-07-15,XOM,,,27358,14071,1,14,13935151.0,3392179.0,0.5143,14.0,7,,,,15.670000076293945,25.649999618530273,58.959999084472656,7572.39990234375,26269.23046875
2026-07-16,AAPL,327.5,317.62,464295,314353,0,0,300129628.0,44482839.0,0.6771,,8,0.0156,0.0,0.0038,16.729999542236328,27.34000015258789,55.90999984741211,7533.77001953125,25881.94921875
2026-07-16,AMZN,254.96,249.75,346415,134627,0,0,310241755.0,126913357.0,0.3886,,8,0.0156,0.0,0.0044,16.729999542236328,27.34000015258789,55.90999984741211,7533.77001953125,25881.94921875
2026-07-16,GOOGL,370.92,357.97,184405,70239,36,4,153204845.0,15466942.0,0.3809,0.1111,8,0.0234,0.0312,0.0058,16.729999542236328,27.34000015258789,55.90999984741211,7533.77001953125,25881.94921875
2026-07-16,JPM,346.91,345.85,40802,17255,616,1411,51153769.0,2955298.0,0.4229,2.2906,7,0.0156,0.0,0.0044,16.729999542236328,27.34000015258789,55.90999984741211,7533.77001953125,25881.94921875
2026-07-16,META,681.31,663.6,235905,71223,0,16,298918084.0,41229698.0,0.3019,,8,0.0156,0.0,0.0044,16.729999542236328,27.34000015258789,55.90999984741211,7533.77001953125,25881.94921875
2026-07-16,MSFT,395.63,387.8,246696,73456,0,0,130631377.0,53902503.0,0.2978,,8,0.0156,0.0,0.0044,16.729999542236328,27.34000015258789,55.90999984741211,7533.77001953125,25881.94921875
2026-07-16,NVDA,212.5,211.96,952830,405102,512,854,412240946.0,82060635.0,0.4252,1.668,8,0.0156,0.0,0.0038,16.729999542236328,27.34000015258789,55.90999984741211,7533.77001953125,25881.94921875
2026-07-16,TSLA,394.46,399.4,567374,336796,281,13049,330714695.0,266558460.0,0.5936,46.4377,8,0.0156,0.0,0.0044,16.729999542236328,27.34000015258789,55.90999984741211,7533.77001953125,25881.94921875
2026-07-16,WMT,112.53,113.25,48391,24517,353,0,4163422.0,8519463.0,0.5066,0.0,7,0.0156,0.0,0.0044,16.729999542236328,27.34000015258789,55.90999984741211,7533.77001953125,25881.94921875
2026-07-16,XOM,144.51,145.09,24060,13402,3,120,9655372.0,2552619.0,0.557,40.0,7,0.0156,0.0,0.0044,16.729999542236328,27.34000015258789,55.90999984741211,7533.77001953125,25881.94921875
2026-07-17,AAPL,333.26,328.01,845411,612558,0,0,367464536.0,74633394.0,0.7246,,8,0.0234,0.0,0.0056,18.770000457763672,29.030000686645508,60.02000045776367,7457.68994140625,25520.240234375
2026-07-17,AMZN,249.89,255.12,317003,177493,0,0,145699332.0,127505167.0,0.5599,,8,0.0156,0.0312,0.0043,18.770000457763672,29.030000686645508,60.02000045776367,7457.68994140625,25520.240234375
2026-07-17,GOOGL,354.46,373.06,270967,188386,12,4,58948772.0,113379991.0,0.6952,0.3333,8,0.0156,0.0312,0.0038,18.770000457763672,29.030000686645508,60.02000045776367,7457.68994140625,25520.240234375
2026-07-17,JPM,343.15,349.28,18274,12660,518,44,17564170.0,1953065.0,0.6928,0.0849,7,0.0156,0.0,0.0043,18.770000457763672,29.030000686645508,60.02000045776367,7457.68994140625,25520.240234375
2026-07-17,META,664.54,677.28,214104,96599,0,16,202329161.0,68545818.0,0.4512,,8,0.0156,0.0,0.0043,18.770000457763672,29.030000686645508,60.02000045776367,7457.68994140625,25520.240234375
2026-07-17,MSFT,401.1,398.31,490101,150539,0,0,210641425.0,114990901.0,0.3072,,8,0.0156,0.0,0.0043,18.770000457763672,29.030000686645508,60.02000045776367,7457.68994140625,25520.240234375
2026-07-17,NVDA,207.4,210.17,1473168,709200,512,11810,280425112.0,148665733.0,0.4814,23.0664,8,0.0156,0.0,0.0038,18.770000457763672,29.030000686645508,60.02000045776367,7457.68994140625,25520.240234375
2026-07-17,TSLA,391.06,392.35,964365,813432,3,1531,457188691.0,420513906.0,0.8435,510.3333,8,0.0156,0.0,0.0043,18.770000457763672,29.030000686645508,60.02000045776367,7457.68994140625,25520.240234375
2026-07-17,WMT,114.95,113.76,59061,40208,353,0,8649342.0,19046419.0,0.6808,0.0,7,0.0156,0.0312,0.0043,18.770000457763672,29.030000686645508,60.02000045776367,7457.68994140625,25520.240234375
2026-07-17,XOM,145.95,145.28,60485,20927,3,120,9027030.0,12112587.0,0.346,40.0,7,0.0156,0.0,0.0043,18.770000457763672,29.030000686645508,60.02000045776367,7457.68994140625,25520.240234375
2026-07-20,AAPL,333.74,331.98,267112,302573,0,0,132703341.0,73971792.0,1.1328,,8,0.0234,0.0312,0.0061,18.649999618530273,28.530000686645508,62.06999969482422,7443.27978515625,25508.0703125
2026-07-20,AMZN,247.23,244.46,215381,97145,0,0,230887823.0,106066306.0,0.451,,8,0.0313,0.0,0.0093,18.649999618530273,28.530000686645508,62.06999969482422,7443.27978515625,25508.0703125
2026-07-20,GOOGL,346.77,346.0,100283,51228,12,4,54896783.0,23466107.0,0.5108,0.3333,8,0.0156,0.0,0.0041,18.649999618530273,28.530000686645508,62.06999969482422,7443.27978515625,25508.0703125
2026-07-20,JPM,341.1,339.03,22180,14923,194,442,37124054.0,5816902.0,0.6728,2.2784,7,0.0156,0.0,0.0046,18.649999618530273,28.530000686645508,62.06999969482422,7443.27978515625,25508.0703125
2026-07-20,META,646.01,647.7,252199,94326,0,20,292334508.0,103805047.0,0.374,,8,0.0156,0.0,0.0046,18.649999618530273,28.530000686645508,62.06999969482422,7443.27978515625,25508.0703125
2026-07-20,MSFT,393.82,394.86,182351,61277,32,17,105547633.0,42354065.0,0.336,0.5312,8,0.0156,0.0,0.0046,18.649999618530273,28.530000686645508,62.06999969482422,7443.27978515625,25508.0703125
2026-07-20,NVDA,202.81,202.64,866842,447878,0,0,203983862.0,118129211.0,0.5167,,8,0.0234,-0.0312,0.0061,18.649999618530273,28.530000686645508,62.06999969482422,7443.27978515625,25508.0703125
2026-07-20,TSLA,380.84,381.78,436149,367412,147,31,289750165.0,236253674.0,0.8424,0.2109,8,0.0156,0.0,0.0046,18.649999618530273,28.530000686645508,62.06999969482422,7443.27978515625,25508.0703125
2026-07-20,WMT,114.24,116.96,46873,18085,63,0,6399476.0,6069311.0,0.3858,0.0,7,0.0313,0.0,0.0093,18.649999618530273,28.530000686645508,62.06999969482422,7443.27978515625,25508.0703125
2026-07-20,XOM,147.36,149.03,40261,16076,632,330,11753044.0,4616850.0,0.3993,0.5222,7,0.0156,0.0,0.0046,18.649999618530273,28.530000686645508,62.06999969482422,7443.27978515625,25508.0703125
2026-07-21,AAPL,326.59,333.51,352536,262809,163,0,146904509.0,78044750.0,0.7455,0.0,8,0.0156,0.0,0.0046,17.049999237060547,26.65999984741211,63.779998779296875,7509.2001953125,25837.2109375
2026-07-21,AMZN,249.99,248.76,239353,88145,0,0,205009474.0,75926020.0,0.3683,,8,0.0156,0.0312,0.0046,17.049999237060547,26.65999984741211,63.779998779296875,7509.2001953125,25837.2109375
2026-07-21,GOOGL,351.99,350.88,113411,46083,40,419,82832823.0,29493565.0,0.4063,10.475,8,0.0156,0.0,0.0046,17.049999237060547,26.65999984741211,63.779998779296875,7509.2001953125,25837.2109375
2026-07-21,JPM,338.87,341.8,26747,16115,203,400,24987457.0,5204309.0,0.6025,1.9704,7,0.0156,0.0,0.0046,17.049999237060547,26.65999984741211,63.779998779296875,7509.2001953125,25837.2109375
2026-07-21,META,645.85,646.7,120484,47908,0,20,149679146.0,45849358.0,0.3976,,8,0.0156,0.0,0.0046,17.049999237060547,26.65999984741211,63.779998779296875,7509.2001953125,25837.2109375
2026-07-21,MSFT,402.29,391.41,205740,70397,0,17,145857934.0,33398787.0,0.3422,,8,0.0156,0.0,0.0046,17.049999237060547,26.65999984741211,63.779998779296875,7509.2001953125,25837.2109375
2026-07-21,NVDA,203.28,205.87,821147,456905,27,9263,232530334.0,183949515.0,0.5564,343.0741,8,0.0234,0.0,0.0068,17.049999237060547,26.65999984741211,63.779998779296875,7509.2001953125,25837.2109375
2026-07-21,TSLA,369.57,386.05,321402,235941,147,33,237710481.0,323094079.0,0.7341,0.2245,8,0.0156,0.0,0.0046,17.049999237060547,26.65999984741211,63.779998779296875,7509.2001953125,25837.2109375
2026-07-21,WMT,112.2,113.96,49387,21536,63,0,6140111.0,6200730.0,0.4361,0.0,7,0.0156,0.0,0.0046,17.049999237060547,26.65999984741211,63.779998779296875,7509.2001953125,25837.2109375
2026-07-21,XOM,148.36,146.5,26016,12423,2,173,7817549.0,3211183.0,0.4775,86.5,7,0.0234,0.0312,0.0068,17.049999237060547,26.65999984741211,63.779998779296875,7509.2001953125,25837.2109375
2026-07-22,AAPL,327.74,323.13,599019,398948,163,0,177201876.0,55371427.0,0.666,0.0,8,0.0156,0.0,0.0045,16.639999389648438,26.739999771118164,65.30999755859375,7498.9599609375,25690.900390625
2026-07-22,AMZN,247.55,249.11,309745,125624,0,0,137506578.0,132201756.0,0.4056,,8,0.0313,0.0,0.009,16.639999389648438,26.739999771118164,65.30999755859375,7498.9599609375,25690.900390625
2026-07-22,GOOGL,347.15,351.32,118988,54867,40,419,80449307.0,35599961.0,0.4611,10.475,8,0.0156,0.0,0.0045,16.639999389648438,26.739999771118164,65.30999755859375,7498.9599609375,25690.900390625
2026-07-22,JPM,345.23,340.12,23984,12759,193,398,26660793.0,3458478.0,0.532,2.0622,7,0.0156,0.0,0.0045,16.639999389648438,26.739999771118164,65.30999755859375,7498.9599609375,25690.900390625
2026-07-22,META,643.81,654.18,200203,61546,0,20,175462008.0,50868526.0,0.3074,,8,0.0156,0.0,0.0045,16.639999389648438,26.739999771118164,65.30999755859375,7498.9599609375,25690.900390625
2026-07-22,MSFT,397.75,398.81,256106,82138,0,17,95278699.0,38368881.0,0.3207,,8,0.0156,0.0,0.0045,16.639999389648438,26.739999771118164,65.30999755859375,7498.9599609375,25690.900390625
2026-07-22,NVDA,207.29,207.54,1383801,736248,27,9263,355040867.0,161498536.0,0.532,343.0741,8,0.0234,0.0,0.0067,16.639999389648438,26.739999771118164,65.30999755859375,7498.9599609375,25690.900390625
2026-07-22,TSLA,378.93,371.17,491589,289368,25,33,405932068.0,301803462.0,0.5886,1.32,8,0.0156,0.0,0.0045,16.639999389648438,26.739999771118164,65.30999755859375,7498.9599609375,25690.900390625
2026-07-22,WMT,110.39,111.51,69459,31935,63,0,7265332.0,5487823.0,0.4598,0.0,7,0.0313,0.0,0.009,16.639999389648438,26.739999771118164,65.30999755859375,7498.9599609375,25690.900390625
2026-07-22,XOM,151.71,149.01,44652,10979,2,173,15392934.0,2694376.0,0.2459,86.5,7,0.0234,0.0,0.0067,16.639999389648438,26.739999771118164,65.30999755859375,7498.9599609375,25690.900390625
2026-07-23,AAPL,325.89,327.87,223748,117750,163,0,105847448.0,27533246.0,0.5263,0.0,8,0.0234,0.0,0.0066,18.700000762939453,28.059999465942383,68.97000122070312,7408.2998046875,25137.689453125
2026-07-23,AMZN,244.85,248.27,256513,100542,0,1,113499925.0,97447925.0,0.392,,8,0.0156,0.0,0.0044,18.700000762939453,28.059999465942383,68.97000122070312,7408.2998046875,25137.689453125
2026-07-23,GOOGL,342.09,348.16,232828,138977,93,419,127513412.0,105126016.0,0.5969,4.5054,8,0.0156,0.0,0.0044,18.700000762939453,28.059999465942383,68.97000122070312,7408.2998046875,25137.689453125
2026-07-23,JPM,348.21,345.07,19335,20274,193,398,24242305.0,4346053.0,1.0486,2.0622,7,0.0156,0.0,0.0044,18.700000762939453,28.059999465942383,68.97000122070312,7408.2998046875,25137.689453125
2026-07-23,META,627.17,647.7,150175,64774,68,47,188074454.0,82587257.0,0.4313,0.6912,8,0.0156,0.0,0.0044,18.700000762939453,28.059999465942383,68.97000122070312,7408.2998046875,25137.689453125
2026-07-23,MSFT,390.34,399.58,218040,75887,6,17,164971739.0,54494810.0,0.348,2.8333,8,0.0156,0.0,0.0044,18.700000762939453,28.059999465942383,68.97000122070312,7408.2998046875,25137.689453125
2026-07-23,NVDA,212.06,205.81,1147664,582980,27,9263,479282553.0,155035274.0,0.508,343.0741,8,0.0234,0.0,0.0066,18.700000762939453,28.059999465942383,68.97000122070312,7408.2998046875,25137.689453125
2026-07-23,TSLA,374.01,375.53,404802,323608,25,33,281600232.0,314553027.0,0.7994,1.32,8,0.0156,0.0,0.0044,18.700000762939453,28.059999465942383,68.97000122070312,7408.2998046875,25137.689453125
2026-07-23,WMT,109.33,109.53,73417,35259,63,0,6127367.0,5676500.0,0.4803,0.0,7,0.0313,0.0,0.0088,18.700000762939453,28.059999465942383,68.97000122070312,7408.2998046875,25137.689453125
2026-07-23,XOM,154.45,153.86,47698,15487,2,173,24193080.0,2758111.0,0.3247,86.5,7,0.0313,0.0312,0.0088,18.700000762939453,28.059999465942383,68.97000122070312,7408.2998046875,25137.689453125
2026-07-24,AAPL,321.66,321.73,337779,257687,0,0,69487964.0,53212560.0,0.7629,,8,0.0234,0.0,0.0056,18.579999923706055,28.389999389648438,68.0,7411.97998046875,24975.8203125
2026-07-24,AMZN,233.66,236.26,354071,172213,0,0,119429527.0,253950582.0,0.4864,,8,0.0234,0.0312,0.0056,18.579999923706055,28.389999389648438,68.0,7411.97998046875,24975.8203125
2026-07-24,GOOGL,317.69,321.13,369299,218575,17,1,48708452.0,250603023.0,0.5919,0.0588,8,0.0234,0.0,0.0056,18.579999923706055,28.389999389648438,68.0,7411.97998046875,24975.8203125
2026-07-24,JPM,349.9,346.58,21905,19207,197,466,26064915.0,3807976.0,0.8768,2.3655,8,0.0156,0.0,0.0043,18.579999923706055,28.389999389648438,68.0,7411.97998046875,24975.8203125
2026-07-24,META,606.1,608.41,295963,138425,216,20,229212705.0,165576137.0,0.4677,0.0926,8,0.0156,0.0,0.0043,18.579999923706055,28.389999389648438,68.0,7411.97998046875,24975.8203125
2026-07-24,MSFT,381.58,389.97,287435,141986,44,17,96207611.0,84140287.0,0.494,0.3864,8,0.0156,0.0,0.0043,18.579999923706055,28.389999389648438,68.0,7411.97998046875,24975.8203125
2026-07-24,NVDA,208.76,209.46,1335538,738534,25,0,298181701.0,155653663.0,0.553,0.0,8,0.0234,-0.0312,0.0056,18.579999923706055,28.389999389648438,68.0,7411.97998046875,24975.8203125
2026-07-24,TSLA,319.69,341.0,1493033,1312762,0,0,313361659.0,1746788424.0,0.8793,,8,0.0156,0.0,0.0038,18.579999923706055,28.389999389648438,68.0,7411.97998046875,24975.8203125
2026-07-24,WMT,108.4,107.51,64790,40131,226,0,7771294.0,11297125.0,0.6194,0.0,8,0.0156,0.0,0.0043,18.579999923706055,28.389999389648438,68.0,7411.97998046875,24975.8203125
2026-07-24,XOM,156.89,156.6,75620,21608,3,129,23844284.0,5359883.0,0.2857,43.0,8,0.0156,0.0,0.0043,18.579999923706055,28.389999389648438,68.0,7411.97998046875,24975.8203125
2026-07-27,AAPL,333.02,321.79,373932,298273,592373,499139,212041875.0,56276679.0,0.7977,0.8426,8,0.0156,0.0,0.0041,18.670000076293945,28.649999618530273,60.619998931884766,7413.18017578125,24932.080078125
2026-07-27,AMZN,232.11,234.38,268327,113726,842070,343164,125465169.0,251139533.0,0.4238,0.4075,8,0.0156,0.0312,0.0041,18.670000076293945,28.649999618530273,60.619998931884766,7413.18017578125,24932.080078125
2026-07-27,GOOGL,319.74,318.42,173167,60676,497738,262955,41014512.0,131628507.0,0.3504,0.5283,8,0.0156,0.0,0.0041,18.670000076293945,28.649999618530273,60.619998931884766,7413.18017578125,24932.080078125
2026-07-27,JPM,353.21,350.64,23068,17881,124194,152501,35227496.0,5841844.0,0.7751,1.2279,7,0.0156,0.0,0.0046,18.670000076293945,28.649999618530273,60.619998931884766,7413.18017578125,24932.080078125
2026-07-27,META,595.19,605.3,179988,46315,423490,217305,123693491.0,75436511.0,0.2573,0.5131,8,0.0156,0.0,0.0046,18.670000076293945,28.649999618530273,60.619998931884766,7413.18017578125,24932.080078125
2026-07-27,MSFT,381.7,387.05,167912,63475,834358,292875,66181272.0,43281564.0,0.378,0.351,8,0.0156,0.0,0.0046,18.670000076293945,28.649999618530273,60.619998931884766,7413.18017578125,24932.080078125
2026-07-27,NVDA,206.84,207.45,925391,592094,1516954,1221204,234579169.0,165642534.0,0.6398,0.805,8,0.0156,0.0,0.0041,18.670000076293945,28.649999618530273,60.619998931884766,7413.18017578125,24932.080078125
2026-07-27,TSLA,313.03,320.72,568814,468458,805323,541640,240567110.0,598128063.0,0.8236,0.6726,8,0.0234,0.0312,0.0061,18.670000076293945,28.649999618530273,60.619998931884766,7413.18017578125,24932.080078125
2026-07-27,WMT,109.47,108.12,30106,12050,235469,249128,4156285.0,4133071.0,0.4003,1.058,7,0.0156,0.0,0.0046,18.670000076293945,28.649999618530273,60.619998931884766,7413.18017578125,24932.080078125
2026-07-27,XOM,156.94,156.99,39544,13780,223856,134121,10905129.0,3796541.0,0.3485,0.5991,7,0.0156,0.0,0.0046,18.670000076293945,28.649999618530273,60.619998931884766,7413.18017578125,24932.080078125
2026-07-28,AAPL,340.08,340.03,480421,397574,629006,517294,198708519.0,63002116.0,0.8276,0.8224,8,0.2907,0.01,0.0847,18.209999084472656,28.610000610351562,57.150001525878906,7428.77978515625,24876.91015625
2026-07-28,AMZN,230.86,232.85,225912,152988,865167,327166,73140515.0,185762982.0,0.6772,0.3782,8,0.4263,-0.0193,0.1242,18.209999084472656,28.610000610351562,57.150001525878906,7428.77978515625,24876.91015625
2026-07-28,GOOGL,333.71,327.9,195478,81268,483033,279664,80897086.0,108086159.0,0.4157,0.579,8,0.3195,-0.0013,0.0931,18.209999084472656,28.610000610351562,57.150001525878906,7428.77978515625,24876.91015625
2026-07-28,JPM,357.31,357.3,17934,13466,128269,158122,26027241.0,2908705.0,0.7509,1.2327,7,0.2439,0.0141,0.0711,18.209999084472656,28.610000610351562,57.150001525878906,7428.77978515625,24876.91015625
2026-07-28,META,593.41,595.9,102961,48637,408390,206283,123353561.0,83152156.0,0.4724,0.5051,8,0.5069,-0.008,0.1477,18.209999084472656,28.610000610351562,57.150001525878906,7428.77978515625,24876.91015625
2026-07-28,MSFT,393.35,393.16,166308,79669,841558,289380,145280026.0,70062024.0,0.479,0.3439,8,0.4495,-0.0056,0.131,18.209999084472656,28.610000610351562,57.150001525878906,7428.77978515625,24876.91015625
2026-07-28,NVDA,197.01,194.95,1355067,799886,1768671,1252960,327674962.0,200289596.0,0.5903,0.7084,8,0.4688,-0.0001,0.1366,18.209999084472656,28.610000610351562,57.150001525878906,7428.77978515625,24876.91015625
2026-07-28,TSLA,307.44,305.925,771880,759186,823442,571462,315630004.0,575874168.0,0.9836,0.694,8,0.4634,-0.0109,0.135,18.209999084472656,28.610000610351562,57.150001525878906,7428.77978515625,24876.91015625
2026-07-28,WMT,113.1,113.955,71933,31079,241135,254465,9030851.0,6774516.0,0.4321,1.0553,7,0.3296,-0.0193,0.0961,18.209999084472656,28.610000610351562,57.150001525878906,7428.77978515625,24876.91015625
2026-07-28,XOM,153.04,154.17,20375,13937,228595,138402,6679618.0,4354139.0,0.684,0.6054,7,0.3754,0.0103,0.1094,18.209999084472656,28.610000610351562,57.150001525878906,7428.77978515625,24876.91015625
2026-07-29,AAPL,338.19,339.69,842000,699447,684769,623989,155679431.0,165834810.0,0.8307,0.9112,8,0.2995,0.0184,0.0859,20.65999984741211,30.84000015258789,67.58999633789062,7316.14990234375,24442.939453125
2026-07-29,AMZN,226.65,229.315,307824,162628,910016,363330,58517855.0,181699566.0,0.5283,0.3993,8,0.4625,0.0052,0.1326,20.65999984741211,30.84000015258789,67.58999633789062,7316.14990234375,24442.939453125
2026-07-29,GOOGL,336.71,334.52,282730,139057,499138,290872,95884927.0,118144123.0,0.4918,0.5827,8,0.3506,0.0102,0.1005,20.65999984741211,30.84000015258789,67.58999633789062,7316.14990234375,24442.939453125
2026-07-29,JPM,344.71,356.5,32765,24329,133761,160341,25910686.0,10539485.0,0.7425,1.1987,7,0.2526,0.0076,0.0724,20.65999984741211,30.84000015258789,67.58999633789062,7316.14990234375,24442.939453125
2026-07-29,META,585.61,593.42,182472,112002,435783,218569,197248115.0,161017878.0,0.6138,0.5016,8,0.522,0.0068,0.1497,20.65999984741211,30.84000015258789,67.58999633789062,7316.14990234375,24442.939453125
2026-07-29,MSFT,390.54,393.4,241216,141643,878852,309639,132917712.0,100028167.0,0.5872,0.3523,8,0.472,-0.0049,0.1353,20.65999984741211,30.84000015258789,67.58999633789062,7316.14990234375,24442.939453125
2026-07-29,NVDA,190.01,195.845,2000520,1446880,1926711,1400078,181919222.0,471005343.0,0.7233,0.7267,8,0.4836,-0.0057,0.1387,20.65999984741211,30.84000015258789,67.58999633789062,7316.14990234375,24442.939453125
2026-07-29,TSLA,298.32,307.32,1099121,1143990,924136,625059,154601314.0,842671957.0,1.0408,0.6764,8,0.4751,-0.0086,0.1362,20.65999984741211,30.84000015258789,67.58999633789062,7316.14990234375,24442.939453125
2026-07-29,WMT,114.22,113.48,39093,18700,246805,259631,6570615.0,3169370.0,0.4783,1.052,7,0.3279,0.0096,0.094,20.65999984741211,30.84000015258789,67.58999633789062,7316.14990234375,24442.939453125
2026-07-29,XOM,156.75,157.72,24220,13538,231838,139810,9439467.0,4001536.0,0.559,0.6031,7,0.3488,0.0001,0.1,20.65999984741211,30.84000015258789,67.58999633789062,7316.14990234375,24442.939453125
2026-07-30,AAPL,333.43,333.13,464712,424985,637542,599437,242652328.0,122815550.0,0.9145,0.9402,8,0.309,0.0068,0.0871,17.09000015258789,27.549999237060547,63.439998626708984,7437.6298828125,25122.1796875
2026-07-30,AMZN,235.5,233.25,674106,312349,896689,366395,308877004.0,234229735.0,0.4634,0.4086,8,0.4872,-0.0228,0.1373,17.09000015258789,27.549999237060547,63.439998626708984,7437.6298828125,25122.1796875
2026-07-30,GOOGL,333.66,334.195,171028,93272,484611,288337,75740076.0,117774310.0,0.5454,0.595,8,0.3287,-0.0065,0.0927,17.09000015258789,27.549999237060547,63.439998626708984,7437.6298828125,25122.1796875
2026-07-30,JPM,350.85,347.54,45419,16283,138818,166098,23444867.0,2855999.0,0.3585,1.1965,7,0.2313,0.0153,0.0652,17.09000015258789,27.549999237060547,63.439998626708984,7437.6298828125,25122.1796875
2026-07-30,META,539.03,525.74,360650,269512,492556,259437,148177699.0,822523633.0,0.7473,0.5267,8,0.3842,-0.0333,0.1083,17.09000015258789,27.549999237060547,63.439998626708984,7437.6298828125,25122.1796875
2026-07-30,MSFT,451.1,438.5,926506,370189,902057,362554,1078734734.0,108591384.0,0.3996,0.4019,8,0.3319,0.0213,0.0935,17.09000015258789,27.549999237060547,63.439998626708984,7437.6298828125,25122.1796875
2026-07-30,NVDA,195.04,193.45,1565706,844636,1875318,1337277,356368781.0,267014017.0,0.5395,0.7131,8,0.4509,0.0004,0.1271,17.09000015258789,27.549999237060547,63.439998626708984,7437.6298828125,25122.1796875
2026-07-30,TSLA,308.85,302.885,913743,612090,844074,564257,387643984.0,768175454.0,0.6699,0.6685,8,0.4536,-0.0193,0.1279,17.09000015258789,27.549999237060547,63.439998626708984,7437.6298828125,25122.1796875
2026-07-30,WMT,111.1,112.0,44144,29378,253229,265348,5600203.0,6011901.0,0.6655,1.0479,7,0.3308,-0.0056,0.0932,17.09000015258789,27.549999237060547,63.439998626708984,7437.6298828125,25122.1796875
2026-07-30,XOM,156.97,155.09,25122,19233,235520,144820,7050443.0,3852013.0,0.7656,0.6149,7,0.3935,0.093,0.1109,17.09000015258789,27.549999237060547,63.439998626708984,7437.6298828125,25122.1796875
2026-07-31,AAPL,308.91,304.81,1310002,927930,758429,668055,659551852.0,306225287.0,0.7083,0.8808,8,0.2771,0.0106,0.0768,15.989999771118164,26.0,63.040000915527344,7489.72021484375,25373.849609375
2026-07-31,AMZN,271.58,264.985,1363540,573824,1088190,468132,1018612856.0,53475530.0,0.4208,0.4302,8,0.3254,-0.0043,0.0901,15.989999771118164,26.0,63.040000915527344,7489.72021484375,25373.849609375
2026-07-31,GOOGL,356.13,341.5,519661,227235,502740,304951,299275195.0,99327167.0,0.4373,0.6066,8,0.3338,-0.0029,0.0925,15.989999771118164,26.0,63.040000915527344,7489.72021484375,25373.849609375
2026-07-31,JPM,351.79,353.3,27209,22804,148302,167285,28822559.0,6150407.0,0.8381,1.128,7,0.2325,0.0323,0.0644,15.989999771118164,26.0,63.040000915527344,7489.72021484375,25373.849609375
2026-07-31,META,556.71,543.56,308263,203318,593892,275341,179541317.0,328218858.0,0.6596,0.4636,8,0.3988,-0.0259,0.1105,15.989999771118164,26.0,63.040000915527344,7489.72021484375,25373.849609375
2026-07-31,MSFT,464.72,449.585,680854,284817,883571,419398,546277028.0,33736702.0,0.4183,0.4747,8,0.3143,0.0146,0.0871,15.989999771118164,26.0,63.040000915527344,7489.72021484375,25373.849609375
2026-07-31,NVDA,200.75,198.4405,2804174,1400214,2080871,1442427,582652489.0,107002259.0,0.4993,0.6932,8,0.4506,0.002,0.1248,15.989999771118164,26.0,63.040000915527344,7489.72021484375,25373.849609375
2026-07-31,TSLA,311.21,309.6,1455299,1263006,931133,603594,374828004.0,457614991.0,0.8679,0.6482,8,0.4482,-0.0123,0.1241,15.989999771118164,26.0,63.040000915527344,7489.72021484375,25373.849609375
2026-07-31,WMT,111.2,110.78,60307,20235,261171,269011,6435840.0,2614220.0,0.3355,1.03,7,0.3463,0.0027,0.0959,15.989999771118164,26.0,63.040000915527344,7489.72021484375,25373.849609375
2026-07-31,XOM,155.44,153.74,61821,17323,243329,151339,13418160.0,2700845.0,0.2802,0.622,7,0.3179,0.0259,0.0881,15.989999771118164,26.0,63.040000915527344,7489.72021484375,25373.849609375
2026-08-03,AAPL,303.42,309.67,1034871,508431,673103,490221,112897180.0,100329370.0,0.4913,0.7283,8,0.2718,0.0022,0.0711,15.859999656677246,24.770000457763672,57.20000076293945,7600.5,25913.900390625
2026-08-03,AMZN,284.02,278.29,835214,358248,806014,427730,690900577.0,71891268.0,0.4289,0.5307,8,0.3324,-0.0077,0.087,15.859999656677246,24.770000457763672,57.20000076293945,7600.5,25913.900390625
2026-08-03,GOOGL,373.51,365.24,450364,174794,407651,277572,221627054.0,86088195.0,0.3881,0.6809,8,0.3417,-0.0111,0.0894,15.859999656677246,24.770000457763672,57.20000076293945,7600.5,25913.900390625
2026-08-03,JPM,352.64,353.75,18574,18764,127375,153626,23830806.0,5742652.0,1.0102,1.2061,7,0.2299,0.0334,0.0681,15.859999656677246,24.770000457763672,57.20000076293945,7600.5,25913.900390625
2026-08-03,META,590.24,562.42,465306,275425,425238,208445,289741981.0,242586527.0,0.5919,0.4902,8,0.3925,-0.0183,0.1027,15.859999656677246,24.770000457763672,57.20000076293945,7600.5,25913.900390625
2026-08-03,MSFT,487.65,476.395,733660,321042,628537,352600,592739686.0,56035176.0,0.4376,0.561,8,0.3084,0.013,0.0807,15.859999656677246,24.770000457763672,57.20000076293945,7600.5,25913.900390625
2026-08-03,NVDA,206.64,197.73,2740005,1237511,1564099,1198096,577203685.0,125715694.0,0.4516,0.766,8,0.451,-0.0039,0.118,15.859999656677246,24.770000457763672,57.20000076293945,7600.5,25913.900390625
2026-08-03,TSLA,322.08,311.01,1711062,1131755,712049,527472,506626780.0,413364601.0,0.6614,0.7408,8,0.4501,-0.0199,0.1178,15.859999656677246,24.770000457763672,57.20000076293945,7600.5,25913.900390625
2026-08-03,WMT,110.71,113.1,49695,27111,229343,244793,7654468.0,4401464.0,0.5455,1.0674,7,0.329,-0.1073,0.0974,15.859999656677246,24.770000457763672,57.20000076293945,7600.5,25913.900390625
2026-08-03,XOM,155.06,153.455,15511,21196,225820,135510,4971835.0,3684447.0,1.3665,0.6001,7,0.3403,0.0809,0.1008,15.859999656677246,24.770000457763672,57.20000076293945,7600.5,25913.900390625
2026-08-04,AAPL,309.38,302.725,891621,264418,724959,480150,260803976.0,44719525.0,0.2966,0.6623,8,0.2686,-0.0013,0.0783,16.5,25.479999542236328,53.45000076293945,7736.52001953125,26584.990234375
2026-08-04,AMZN,277.42,276.06,484532,271386,843277,445011,449830713.0,148702876.0,0.5601,0.5277,8,0.346,-0.0203,0.1008,16.5,25.479999542236328,53.45000076293945,7736.52001953125,26584.990234375
2026-08-04,GOOGL,377.65,367.6488,224432,106181,419888,286813,145951155.0,82645812.0,0.4731,0.6831,8,0.3487,-0.0302,0.1016,16.5,25.479999542236328,53.45000076293945,7736.52001953125,26584.990234375
2026-08-04,JPM,357.52,355.0,41063,21702,128989,158780,31205724.0,4282929.0,0.5285,1.231,7,0.2384,0.029,0.0695,16.5,25.479999542236328,53.45000076293945,7736.52001953125,26584.990234375
2026-08-04,META,587.94,581.165,224253,96796,445894,229669,152277750.0,197257297.0,0.4316,0.5151,8,0.3917,-0.0354,0.1142,16.5,25.479999542236328,53.45000076293945,7736.52001953125,26584.990234375
2026-08-04,MSFT,492.81,480.755,358038,172915,666687,369157,271756042.0,55578252.0,0.483,0.5537,8,0.3164,-0.0005,0.0922,16.5,25.479999542236328,53.45000076293945,7736.52001953125,26584.990234375
2026-08-04,NVDA,211.94,211.49,1591211,730239,1663803,1252093,464573313.0,126997427.0,0.4589,0.7525,8,0.4426,-0.0079,0.129,16.5,25.479999542236328,53.45000076293945,7736.52001953125,26584.990234375
2026-08-04,TSLA,327.35,324.03,999638,532080,720072,535395,481822976.0,421472440.0,0.5323,0.7435,8,0.4558,-0.0276,0.1328,16.5,25.479999542236328,53.45000076293945,7736.52001953125,26584.990234375
2026-08-04,WMT,111.55,108.9,52442,30462,241493,256562,9696695.0,3572818.0,0.5809,1.0624,7,0.4223,-0.0444,0.1231,16.5,25.479999542236328,53.45000076293945,7736.52001953125,26584.990234375
2026-08-04,XOM,153.96,151.62,28964,17308,229102,145218,7467552.0,3178949.0,0.5976,0.6339,7,0.3639,0.0105,0.1061,16.5,25.479999542236328,53.45000076293945,7736.52001953125,26584.990234375
2026-08-05,AAPL,311.0,309.36,1079447,381400,802323,510949,188623705.0,31537376.0,0.3533,0.6368,8,0.2609,-0.0033,0.0748,15.8100004196167,24.149999618530273,51.47999954223633,7723.5498046875,26363.439453125
2026-08-05,AMZN,272.65,281.59,535738,332246,913584,469237,310291894.0,86990075.0,0.6202,0.5136,8,0.3231,-0.0209,0.0926,15.8100004196167,24.149999618530273,51.47999954223633,7723.5498046875,26363.439453125
2026-08-05,GOOGL,362.43,382.94,459941,297842,448446,317435,99513291.0,164821359.0,0.6476,0.7079,8,0.3506,-0.0058,0.1005,15.8100004196167,24.149999618530273,51.47999954223633,7723.5498046875,26363.439453125
2026-08-05,JPM,359.24,358.97,12234,15338,132419,167780,22868233.0,2840145.0,1.2537,1.267,7,0.2283,0.0255,0.0655,15.8100004196167,24.149999618530273,51.47999954223633,7723.5498046875,26363.439453125
2026-08-05,META,588.77,600.525,365233,159756,492576,241665,208457716.0,201326481.0,0.4374,0.4906,8,0.3858,-0.0289,0.1106,15.8100004196167,24.149999618530273,51.47999954223633,7723.5498046875,26363.439453125
2026-08-05,MSFT,487.46,496.355,294554,188680,706228,410404,123419800.0,40371615.0,0.6406,0.5811,8,0.3061,-0.0007,0.0878,15.8100004196167,24.149999618530273,51.47999954223633,7723.5498046875,26363.439453125
2026-08-05,NVDA,219.22,216.86,3896504,1684397,1822652,1343067,680536861.0,227338897.0,0.4323,0.7369,8,0.4329,-0.008,0.1241,15.8100004196167,24.149999618530273,51.47999954223633,7723.5498046875,26363.439453125
2026-08-05,TSLA,321.55,323.65,1098052,831413,831477,591449,218966823.0,426884500.0,0.7572,0.7113,8,0.429,-0.023,0.123,15.8100004196167,24.149999618530273,51.47999954223633,7723.5498046875,26363.439453125
2026-08-05,WMT,112.34,112.595,41301,82616,252695,271193,7265413.0,23363411.0,2.0003,1.0732,7,0.3412,-0.0009,0.0978,15.8100004196167,24.149999618530273,51.47999954223633,7723.5498046875,26363.439453125
2026-08-05,XOM,151.63,155.035,23681,10668,241422,145756,6433987.0,2458937.0,0.4505,0.6037,7,0.3333,0.0273,0.0955,15.8100004196167,24.149999618530273,51.47999954223633,7723.5498046875,26363.439453125
2026-08-07,AAPL,313.33,311.32,912922,310830,845689,514947,147423876.0,23515400.0,0.3405,0.6089,8,0.2356,-0.0067,0.0653,14.899999618530273,22.81999969482422,55.79999923706055,7757.64013671875,26690.619140625
2026-08-07,AMZN,274.48,272.89,471065,196425,898626,450706,208272942.0,40288878.0,0.417,0.5016,8,0.3002,-0.0101,0.0831,14.899999618530273,22.81999969482422,55.79999923706055,7757.64013671875,26690.619140625
2026-08-07,GOOGL,354.3,356.765,264971,177007,465638,319683,48991238.0,94996214.0,0.668,0.6865,8,0.3053,-0.0258,0.0846,14.899999618530273,22.81999969482422,55.79999923706055,7757.64013671875,26690.619140625
2026-08-07,JPM,357.52,355.76,28125,16515,139216,168281,22598224.0,3292366.0,0.5872,1.2088,7,0.2492,0.0116,0.069,14.899999618530273,22.81999969482422,55.79999923706055,7757.64013671875,26690.619140625
2026-08-07,META,592.1,585.64,309852,124527,508282,228044,185567641.0,58882661.0,0.4019,0.4487,8,0.3524,-0.0245,0.0976,14.899999618530273,22.81999969482422,55.79999923706055,7757.64013671875,26690.619140625
2026-08-07,MSFT,499.99,499.21,324374,117196,639684,410168,159657507.0,23587933.0,0.3613,0.6412,8,0.2837,-0.0031,0.0786,14.899999618530273,22.81999969482422,55.79999923706055,7757.64013671875,26690.619140625
2026-08-07,NVDA,223.96,221.585,2392813,1111990,2073273,1414150,825412403.0,60737860.0,0.4647,0.6821,8,0.403,-0.0023,0.1116,14.899999618530273,22.81999969482422,55.79999923706055,7757.64013671875,26690.619140625
2026-08-07,TSLA,328.58,322.335,2114813,1193583,841874,609636,498796784.0,402809132.0,0.5644,0.7241,8,0.4098,-0.028,0.1135,14.899999618530273,22.81999969482422,55.79999923706055,7757.64013671875,26690.619140625
2026-08-07,WMT,111.85,110.61,58220,21215,261204,279524,5210889.0,2589936.0,0.3644,1.0701,7,0.3378,-0.0231,0.0936,14.899999618530273,22.81999969482422,55.79999923706055,7757.64013671875,26690.619140625
2026-08-07,XOM,153.04,152.64,50470,14005,251037,150497,6985864.0,2301946.0,0.2775,0.5995,7,0.3069,0.0477,0.085,14.899999618530273,22.81999969482422,55.79999923706055,7757.64013671875,26690.619140625
2026-08-10,AAPL,308.26,306.83,644289,438796,651353,415868,127538217.0,39746036.0,0.6811,0.6385,8,0.2383,-0.0063,0.0624,15.460000038146973,23.040000915527344,56.060001373291016,7753.10986328125,26605.359375
2026-08-10,AMZN,278.09,274.2,478922,186481,791204,358987,200922845.0,36794364.0,0.3894,0.4537,8,0.3053,-0.0059,0.0799,15.460000038146973,23.040000915527344,56.060001373291016,7753.10986328125,26605.359375
2026-08-10,GOOGL,357.52,355.175,231683,120153,413067,271887,81188426.0,79817754.0,0.5186,0.6582,8,0.3046,0.0013,0.0797,15.460000038146973,23.040000915527344,56.060001373291016,7753.10986328125,26605.359375
2026-08-10,JPM,359.79,357.96,12692,12636,125793,152116,20111100.0,1749940.0,0.9956,1.2093,7,0.2224,0.0058,0.0659,15.460000038146973,23.040000915527344,56.060001373291016,7753.10986328125,26605.359375
2026-08-10,META,594.92,599.01,461685,161057,427096,189043,107822274.0,70483642.0,0.3488,0.4426,8,0.3549,-0.0166,0.0929,15.460000038146973,23.040000915527344,56.060001373291016,7753.10986328125,26605.359375
2026-08-10,MSFT,506.06,503.44,546507,288262,582866,347422,185275168.0,61777907.0,0.5275,0.5961,8,0.2828,0.0131,0.074,15.460000038146973,23.040000915527344,56.060001373291016,7753.10986328125,26605.359375
2026-08-10,NVDA,217.55,223.45,1958991,1373823,1630472,1231668,289577181.0,280472313.0,0.7013,0.7554,8,0.4134,-0.0042,0.1082,15.460000038146973,23.040000915527344,56.060001373291016,7753.10986328125,26605.359375
2026-08-10,TSLA,330.88,326.645,1129573,715443,688723,473672,334236014.0,320024618.0,0.6334,0.6878,8,0.3951,-0.0276,0.1034,15.460000038146973,23.040000915527344,56.060001373291016,7753.10986328125,26605.359375
2026-08-10,WMT,112.66,110.88,36918,21912,234688,260667,6527974.0,3556661.0,0.5935,1.1107,7,0.3214,-0.0446,0.0952,15.460000038146973,23.040000915527344,56.060001373291016,7753.10986328125,26605.359375
2026-08-10,XOM,159.79,154.5,47474,16259,225344,141924,15659766.0,2577744.0,0.3425,0.6298,7,0.2993,0.0186,0.0886,15.460000038146973,23.040000915527344,56.060001373291016,7753.10986328125,26605.359375
2026-08-11,AAPL,304.91,307.75,412112,236824,684352,431393,58186591.0,54073943.0,0.5747,0.6304,8,0.2367,-0.004,0.069,15.279999732971191,22.3799991607666,54.9900016784668,7728.2001953125,26445.44921875
2026-08-11,AMZN,272.27,278.4,258020,154920,813586,370374,128053993.0,43906218.0,0.6004,0.4552,8,0.2922,-0.0148,0.0852,15.279999732971191,22.3799991607666,54.9900016784668,7728.2001953125,26445.44921875
2026-08-11,GOOGL,343.8,355.9,237876,170336,412705,273470,53949076.0,124512691.0,0.7161,0.6626,8,0.2967,-0.0072,0.0865,15.279999732971191,22.3799991607666,54.9900016784668,7728.2001953125,26445.44921875
2026-08-11,JPM,362.04,360.05,13854,16537,131099,157614,22019009.0,2830902.0,1.1937,1.2023,7,0.2208,-0.002,0.0643,15.279999732971191,22.3799991607666,54.9900016784668,7728.2001953125,26445.44921875
2026-08-11,META,599.12,597.73,303867,125349,456015,197174,122315135.0,98066425.0,0.4125,0.4324,8,0.3418,-0.0163,0.0996,15.279999732971191,22.3799991607666,54.9900016784668,7728.2001953125,26445.44921875
2026-08-11,MSFT,503.81,504.005,150250,148408,609765,363581,108918869.0,40201643.0,0.9877,0.5963,8,0.2647,0.0188,0.0771,15.279999732971191,22.3799991607666,54.9900016784668,7728.2001953125,26445.44921875
2026-08-11,NVDA,217.5,222.15,1151478,764038,1696172,1284644,305827035.0,236999277.0,0.6635,0.7574,8,0.3927,0.0024,0.1144,15.279999732971191,22.3799991607666,54.9900016784668,7728.2001953125,26445.44921875
2026-08-11,TSLA,332.81,332.99,856899,483793,700345,486853,326816599.0,377277468.0,0.5646,0.6952,8,0.3792,-0.0255,0.1105,15.279999732971191,22.3799991607666,54.9900016784668,7728.2001953125,26445.44921875
2026-08-11,WMT,113.26,112.505,32685,14477,244253,268621,7038496.0,2690997.0,0.4429,1.0998,7,0.3761,0.0175,0.1096,15.279999732971191,22.3799991607666,54.9900016784668,7728.2001953125,26445.44921875
2026-08-11,XOM,159.8,159.655,26186,12227,236962,144886,9114753.0,2114261.0,0.4669,0.6114,7,0.3268,0.0046,0.0953,15.279999732971191,22.3799991607666,54.9900016784668,7728.2001953125,26445.44921875
2026-08-12,AAPL,302.25,305.13,694883,388536,741094,460324,77050828.0,45251605.0,0.5591,0.6211,8,0.2379,0.0024,0.0682,14.550000190734863,20.969999313354492,52.34000015258789,7748.5,26588.490234375
2026-08-12,AMZN,267.28,273.205,343983,221409,843138,407167,153415007.0,59746126.0,0.6437,0.4829,8,0.2878,-0.0159,0.0825,14.550000190734863,20.969999313354492,52.34000015258789,7748.5,26588.490234375
2026-08-12,GOOGL,343.54,346.0,302227,164224,472958,315756,73206498.0,66665124.0,0.5434,0.6676,8,0.2895,-0.0237,0.083,14.550000190734863,20.969999313354492,52.34000015258789,7748.5,26588.490234375
2026-08-12,JPM,365.18,362.97,16521,18640,133309,161314,26482075.0,3190259.0,1.1283,1.2101,7,0.2097,0.0184,0.0601,14.550000190734863,20.969999313354492,52.34000015258789,7748.5,26588.490234375
2026-08-12,META,578.85,601.7,412588,256634,499483,214961,118321795.0,153879982.0,0.622,0.4304,8,0.3359,-0.0356,0.0963,14.550000190734863,20.969999313354492,52.34000015258789,7748.5,26588.490234375
2026-08-12,MSFT,492.43,500.24,229514,224891,628203,393068,122030269.0,72357577.0,0.9799,0.6257,8,0.2661,0.002,0.0763,14.550000190734863,20.969999313354492,52.34000015258789,7748.5,26588.490234375
2026-08-12,NVDA,224.09,221.04,2095820,1077943,1808302,1360869,522978007.0,150030422.0,0.5143,0.7526,8,0.3926,-0.0066,0.1126,14.550000190734863,20.969999313354492,52.34000015258789,7748.5,26588.490234375
2026-08-12,TSLA,327.51,335.0,1185908,965914,764665,527601,259138372.0,365409849.0,0.8145,0.69,8,0.3688,-0.026,0.1057,14.550000190734863,20.969999313354492,52.34000015258789,7748.5,26588.490234375
2026-08-12,WMT,116.01,112.375,65694,26259,250529,272258,15137563.0,3232336.0,0.3997,1.0867,7,0.3936,0.0172,0.1128,14.550000190734863,20.969999313354492,52.34000015258789,7748.5,26588.490234375
2026-08-12,XOM,159.75,158.55,17083,9219,237397,148630,8390713.0,1829456.0,0.5397,0.6261,7,0.2858,0.0101,0.0819,14.550000190734863,20.969999313354492,52.34000015258789,7748.5,26588.490234375
2026-08-13,AAPL,305.26,304.258,527507,240740,1099627,744341,132447188.0,109062491.0,0.4564,0.6769,8,0.2386,-0.0004,0.0673,14.630000114440918,21.229999542236328,49.36000061035156,7798.990234375,26803.029296875
2026-08-13,AMZN,265.13,267.235,354003,140404,1176865,637652,169549607.0,65484317.0,0.3966,0.5418,8,0.2829,-0.0089,0.0797,14.630000114440918,21.229999542236328,49.36000061035156,7798.990234375,26803.029296875
2026-08-13,GOOGL,346.36,345.62,210506,76728,724842,496989,85710904.0,108004021.0,0.3645,0.6857,8,0.2849,-0.0211,0.0803,14.630000114440918,21.229999542236328,49.36000061035156,7798.990234375,26803.029296875
2026-08-13,JPM,363.11,366.5,20848,13080,134701,165037,24583798.0,2599415.0,0.6274,1.2252,7,0.2033,-0.013,0.0573,14.630000114440918,21.229999542236328,49.36000061035156,7798.990234375,26803.029296875
2026-08-13,META,594.97,580.375,239532,97099,725622,440230,180023126.0,189059847.0,0.4054,0.6067,8,0.3444,-0.0167,0.0971,14.630000114440918,21.229999542236328,49.36000061035156,7798.990234375,26803.029296875
2026-08-13,MSFT,496.88,493.265,249037,120460,974965,558250,134609302.0,38888329.0,0.4837,0.5726,8,0.2615,0.0122,0.0737,14.630000114440918,21.229999542236328,49.36000061035156,7798.990234375,26803.029296875
2026-08-13,NVDA,225.3,225.055,1322872,622798,1698925,1323314,395803626.0,129693034.0,0.4708,0.7789,8,0.3895,-0.0012,0.1098,14.630000114440918,21.229999542236328,49.36000061035156,7798.990234375,26803.029296875
2026-08-13,TSLA,339.96,327.33,1233367,674008,1106467,770958,681032465.0,587949458.0,0.5465,0.6968,8,0.3731,-0.0305,0.1052,14.630000114440918,21.229999542236328,49.36000061035156,7798.990234375,26803.029296875
2026-08-13,WMT,115.72,116.14,42541,19324,258690,272860,6812470.0,2756075.0,0.4542,1.0548,7,0.3211,-0.0005,0.0905,14.630000114440918,21.229999542236328,49.36000061035156,7798.990234375,26803.029296875
2026-08-13,XOM,158.61,158.03,26565,10982,239103,149650,9373718.0,2037721.0,0.4134,0.6259,7,0.3047,0.0181,0.0859,14.630000114440918,21.229999542236328,49.36000061035156,7798.990234375,26803.029296875
2026-08-14,AAPL,305.93,306.028,699615,284748,1126537,758759,80868353.0,35371257.0,0.407,0.6735,8,0.2239,0.0016,0.062,14.25,20.719999313354492,49.52000045776367,7785.759765625,26729.16015625
2026-08-14,AMZN,262.65,264.875,377870,222628,1213507,647033,146643170.0,53327543.0,0.5892,0.5332,8,0.2704,-0.0187,0.0749,14.25,20.719999313354492,49.52000045776367,7785.759765625,26729.16015625
2026-08-14,GOOGL,345.9,346.54,301290,111394,770335,505101,99372642.0,80194558.0,0.3697,0.6557,8,0.2844,-0.0187,0.0788,14.25,20.719999313354492,49.52000045776367,7785.759765625,26729.16015625
2026-08-14,JPM,362.84,363.0,22434,16510,136594,165878,24427158.0,2193234.0,0.7359,1.2144,7,0.1864,0.0109,0.0516,14.25,20.719999313354492,49.52000045776367,7785.759765625,26729.16015625
2026-08-14,META,589.85,596.98,277200,126719,749453,447634,97984043.0,126985402.0,0.4571,0.5973,8,0.3235,-0.0319,0.0896,14.25,20.719999313354492,49.52000045776367,7785.759765625,26729.16015625
2026-08-14,MSFT,495.4,496.355,265088,148849,995922,576972,90918920.0,33486485.0,0.5615,0.5793,8,0.2483,0.0088,0.0688,14.25,20.719999313354492,49.52000045776367,7785.759765625,26729.16015625
2026-08-14,NVDA,225.16,226.8,1952576,1018772,2751863,2235490,356008390.0,116924768.0,0.5218,0.8124,8,0.3785,-0.0042,0.1048,14.25,20.719999313354492,49.52000045776367,7785.759765625,26729.16015625
2026-08-14,TSLA,342.27,342.33,2612902,1587154,1175950,844760,527030711.0,558430860.0,0.6074,0.7184,8,0.3781,-0.0272,0.1047,14.25,20.719999313354492,49.52000045776367,7785.759765625,26729.16015625
2026-08-14,WMT,115.27,115.59,45818,33797,264460,276701,6125245.0,5439075.0,0.7376,1.0463,7,0.3225,-0.0149,0.0893,14.25,20.719999313354492,49.52000045776367,7785.759765625,26729.16015625
2026-08-14,XOM,160.1,159.71,367293,12287,240764,151628,935533189.0,2356767.0,0.0335,0.6298,7,0.2874,0.0083,0.0796,14.25,20.719999313354492,49.52000045776367,7785.759765625,26729.16015625
2026-08-17,AAPL,305.59,306.21,571919,335014,601348,392686,81096530.0,58473535.0,0.5858,0.653,8,0.2368,-0.0044,0.062,15.1899995803833,21.510000228881836,52.91999816894531,7745.06005859375,26644.91015625
2026-08-17,AMZN,261.31,265.44,514813,298046,755278,361882,207821402.0,79344495.0,0.5789,0.4791,8,0.285,-0.0096,0.0746,15.1899995803833,21.510000228881836,52.91999816894531,7745.06005859375,26644.91015625
2026-08-17,GOOGL,344.0,346.26,141097,122571,410651,263678,41096620.0,71658066.0,0.8687,0.6421,8,0.2786,-0.0071,0.0729,15.1899995803833,21.510000228881836,52.91999816894531,7745.06005859375,26644.91015625
2026-08-17,JPM,360.96,361.94,17131,16928,148456,172678,26034453.0,4530491.0,0.9882,1.1632,8,0.2045,0.0001,0.0606,15.1899995803833,21.510000228881836,52.91999816894531,7745.06005859375,26644.91015625
2026-08-17,META,568.97,589.75,455582,372354,474554,185066,108484661.0,217047141.0,0.8173,0.39,8,0.341,-0.0176,0.0892,15.1899995803833,21.510000228881836,52.91999816894531,7745.06005859375,26644.91015625
2026-08-17,MSFT,480.35,490.2175,310354,311122,571465,338792,115413618.0,96393911.0,1.0025,0.5928,8,0.2695,0.0156,0.0705,15.1899995803833,21.510000228881836,52.91999816894531,7745.06005859375,26644.91015625
2026-08-17,NVDA,225.01,226.02,1717806,928365,2600530,2028780,343102920.0,166110950.0,0.5404,0.7801,8,0.3818,-0.0106,0.1131,15.1899995803833,21.510000228881836,52.91999816894531,7745.06005859375,26644.91015625
2026-08-17,TSLA,339.3,340.69,1158909,940997,712700,475052,185064290.0,385457574.0,0.812,0.6666,8,0.3796,-0.0234,0.0993,15.1899995803833,21.510000228881836,52.91999816894531,7745.06005859375,26644.91015625
2026-08-17,WMT,114.33,114.022,31738,36811,245821,268611,6666208.0,5609406.0,1.1598,1.0927,8,0.2994,-0.0123,0.0886,15.1899995803833,21.510000228881836,52.91999816894531,7745.06005859375,26644.91015625
2026-08-17,XOM,161.46,160.1,123975,11603,223821,170808,448810365.0,1950712.0,0.0936,0.7631,8,0.2838,-0.012,0.084,15.1899995803833,21.510000228881836,52.91999816894531,7745.06005859375,26644.91015625
2026-08-18,AAPL,310.03,307.53,698927,302589,991054,685034,180786204.0,62625400.0,0.4329,0.6912,8,0.2431,-0.0081,0.0708,15.84000015258789,22.559999465942383,47.16999816894531,7691.759765625,26289.7109375
2026-08-18,AMZN,259.45,260.63,392268,213401,1169676,614974,183190115.0,110399886.0,0.544,0.5258,8,0.2852,-0.0123,0.0831,15.84000015258789,22.559999465942383,47.16999816894531,7691.759765625,26289.7109375
2026-08-18,GOOGL,344.2,342.45,144381,82152,690699,474490,59998777.0,74124215.0,0.569,0.687,8,0.2794,-0.0085,0.0814,15.84000015258789,22.559999465942383,47.16999816894531,7691.759765625,26289.7109375
2026-08-18,JPM,363.25,362.34,14230,11508,151389,176296,25870137.0,2378168.0,0.8087,1.1645,8,0.2005,0.0166,0.0584,15.84000015258789,22.559999465942383,47.16999816894531,7691.759765625,26289.7109375
2026-08-18,META,543.67,557.31,376620,324061,763680,429342,107926073.0,472770760.0,0.8604,0.5622,8,0.357,-0.0203,0.104,15.84000015258789,22.559999465942383,47.16999816894531,7691.759765625,26289.7109375
2026-08-18,MSFT,481.63,481.54,178704,89507,1005870,545267,110540887.0,29381182.0,0.5009,0.5421,8,0.2652,0.0128,0.0773,15.84000015258789,22.559999465942383,47.16999816894531,7691.759765625,26289.7109375
2026-08-18,NVDA,219.74,220.45,1114521,617040,2761246,2045781,312832680.0,204554492.0,0.5536,0.7409,8,0.3871,-0.0043,0.1128,15.84000015258789,22.559999465942383,47.16999816894531,7691.759765625,26289.7109375
2026-08-18,TSLA,336.87,333.182,804767,689811,1045994,761547,283289324.0,586708546.0,0.8572,0.7281,8,0.3998,-0.0239,0.1165,15.84000015258789,22.559999465942383,47.16999816894531,7691.759765625,26289.7109375
2026-08-18,WMT,115.2,116.3,35000,37664,257843,289282,7860901.0,5121808.0,1.0761,1.1219,8,0.2998,-0.0099,0.0874,15.84000015258789,22.559999465942383,47.16999816894531,7691.759765625,26289.7109375
2026-08-18,XOM,165.56,164.35,137543,16327,225741,173061,455561191.0,2725304.0,0.1187,0.7666,8,0.2828,-0.0039,0.0824,15.84000015258789,22.559999465942383,47.16999816894531,7691.759765625,26289.7109375
2026-08-19,AAPL,316.83,310.13,1241691,579624,1022527,709082,271434163.0,50223732.0,0.4668,0.6935,8,0.2518,-0.0035,0.0722,14.890000343322754,22.040000915527344,47.689998626708984,7707.97998046875,26331.08984375
2026-08-19,AMZN,265.84,260.845,596858,206537,1214357,641977,292310114.0,47340917.0,0.346,0.5287,8,0.2891,-0.0114,0.0829,14.890000343322754,22.040000915527344,47.689998626708984,7707.97998046875,26331.08984375
2026-08-19,GOOGL,344.72,342.455,269082,104316,714209,484809,59620557.0,77565460.0,0.3877,0.6788,8,0.2825,-0.0081,0.081,14.890000343322754,22.040000915527344,47.689998626708984,7707.97998046875,26331.08984375
2026-08-19,JPM,357.26,363.01,35750,18532,153676,178595,25948566.0,5919288.0,0.5184,1.1622,8,0.2066,0.0096,0.0592,14.890000343322754,22.040000915527344,47.689998626708984,7707.97998046875,26331.08984375
2026-08-19,META,546.03,541.34,385784,210863,847080,457429,83177891.0,201862652.0,0.5466,0.54,8,0.3572,-0.0231,0.1024,14.890000343322754,22.040000915527344,47.689998626708984,7707.97998046875,26331.08984375
2026-08-19,MSFT,484.31,479.81,542646,150158,958093,555625,1902164975.0,33933329.0,0.2767,0.5799,8,0.2573,0.0137,0.0738,14.890000343322754,22.040000915527344,47.689998626708984,7707.97998046875,26331.08984375
2026-08-19,NVDA,217.56,221.67,1536423,897289,2882344,2128028,236406376.0,170213280.0,0.584,0.7383,8,0.3905,-0.0025,0.1119,14.890000343322754,22.040000915527344,47.689998626708984,7707.97998046875,26331.08984375
2026-08-19,TSLA,351.12,338.905,1657549,1173282,1113286,797338,993698647.0,372022485.0,0.7078,0.7162,8,0.4129,-0.0311,0.1184,14.890000343322754,22.040000915527344,47.689998626708984,7707.97998046875,26331.08984375
2026-08-19,WMT,114.3,115.19,152324,157429,263325,302886,23801127.0,53747925.0,1.0335,1.1502,8,0.3032,-0.0161,0.0869,14.890000343322754,22.040000915527344,47.689998626708984,7707.97998046875,26331.08984375
2026-08-19,XOM,164.77,166.065,137160,14868,230286,178673,448337761.0,2800319.0,0.1084,0.7759,8,0.2687,-0.0103,0.077,14.890000343322754,22.040000915527344,47.689998626708984,7707.97998046875,26331.08984375
2026-08-20,AAPL,311.3,317.455,621381,308871,993474,715806,71338065.0,120510951.0,0.4971,0.7205,8,0.2522,0.0038,0.0711,16.010000228881836,23.260000228881836,49.630001068115234,7641.16015625,26067.169921875
2026-08-20,AMZN,260.11,262.905,365413,147455,1204887,645541,148721348.0,65170878.0,0.4035,0.5358,8,0.2926,-0.0038,0.0825,16.010000228881836,23.260000228881836,49.630001068115234,7641.16015625,26067.169921875
2026-08-20,GOOGL,340.67,342.795,150489,138904,713042,483329,50948078.0,182263280.0,0.923,0.6778,8,0.2884,-0.0063,0.0813,16.010000228881836,23.260000228881836,49.630001068115234,7641.16015625,26067.169921875
2026-08-20,JPM,351.55,357.6,30863,16992,161544,182847,20358328.0,6016961.0,0.5506,1.1319,8,0.2182,0.0014,0.0615,16.010000228881836,23.260000228881836,49.630001068115234,7641.16015625,26067.169921875
2026-08-20,META,545.83,546.95,194794,120583,858814,443177,77256395.0,543235949.0,0.619,0.516,8,0.3544,-0.0244,0.0999,16.010000228881836,23.260000228881836,49.630001068115234,7641.16015625,26067.169921875
2026-08-20,MSFT,481.15,483.0,106150,95555,760117,548329,141480858.0,60417684.0,0.9002,0.7214,8,0.2665,0.0031,0.0751,16.010000228881836,23.260000228881836,49.630001068115234,7641.16015625,26067.169921875
2026-08-20,NVDA,216.85,218.36,1221470,694908,2852793,2087798,317245684.0,236140310.0,0.5689,0.7318,8,0.4051,0.0026,0.1142,16.010000228881836,23.260000228881836,49.630001068115234,7641.16015625,26067.169921875
2026-08-20,TSLA,345.13,345.89,846104,866783,1096896,803705,347586535.0,1091325465.0,1.0244,0.7327,8,0.4012,-0.0235,0.1131,16.010000228881836,23.260000228881836,49.630001068115234,7641.16015625,26067.169921875
2026-08-20,WMT,103.84,106.345,272343,235471,328864,366921,23363796.0,58733913.0,0.8646,1.1157,8,0.2244,0.0017,0.0633,16.010000228881836,23.260000228881836,49.630001068115234,7641.16015625,26067.169921875
2026-08-20,XOM,166.15,167.02,131079,14734,237735,183117,447034591.0,1785786.0,0.1124,0.7703,8,0.2815,-0.0125,0.0794,16.010000228881836,23.260000228881836,49.630001068115234,7641.16015625,26067.169921875
2026-08-21,AAPL,309.35,312.05,867472,571198,1060898,746434,139376788.0,57917706.0,0.6585,0.7036,8,0.2419,-0.0015,0.067,15.130000114440918,21.979999542236328,49.619998931884766,7674.3701171875,26180.4609375
2026-08-21,AMZN,258.63,260.75,523910,244766,1229307,649031,142017720.0,59022683.0,0.4672,0.528,8,0.2824,-0.0048,0.0782,15.130000114440918,21.979999542236328,49.619998931884766,7674.3701171875,26180.4609375
2026-08-21,GOOGL,344.82,342.3525,243820,149651,734837,495254,66675359.0,62432911.0,0.6138,0.674,8,0.2959,0.0048,0.082,15.130000114440918,21.979999542236328,49.619998931884766,7674.3701171875,26180.4609375
2026-08-21,JPM,351.58,354.07,33538,17992,167898,183734,29698714.0,4684361.0,0.5365,1.0943,8,0.2066,0.0037,0.0572,15.130000114440918,21.979999542236328,49.619998931884766,7674.3701171875,26180.4609375
2026-08-21,META,549.9,546.885,314998,137462,881513,436157,80565692.0,220987182.0,0.4364,0.4948,8,0.3393,-0.0172,0.094,15.130000114440918,21.979999542236328,49.619998931884766,7674.3701171875,26180.4609375
2026-08-21,MSFT,483.24,479.88,252599,130398,765493,548497,133701720.0,31692123.0,0.5162,0.7165,8,0.2583,-0.0029,0.0715,15.130000114440918,21.979999542236328,49.619998931884766,7674.3701171875,26180.4609375
2026-08-21,NVDA,214.72,218.42,1759820,1084154,2906384,2151877,302871853.0,184228304.0,0.6161,0.7404,8,0.4006,-0.0012,0.111,15.130000114440918,21.979999542236328,49.619998931884766,7674.3701171875,26180.4609375
2026-08-21,TSLA,362.86,349.755,2786677,1709465,1160772,827029,1174638434.0,439714932.0,0.6134,0.7125,8,0.4023,-0.0184,0.1114,15.130000114440918,21.979999542236328,49.619998931884766,7674.3701171875,26180.4609375
2026-08-21,WMT,103.7,103.685,193487,118162,424589,400429,17969296.0,30015746.0,0.6107,0.9431,8,0.2194,-0.0007,0.0608,15.130000114440918,21.979999542236328,49.619998931884766,7674.3701171875,26180.4609375
2026-08-21,XOM,165.11,166.54,143937,18320,239480,185941,445845853.0,1921163.0,0.1273,0.7764,8,0.2789,-0.0043,0.0772,15.130000114440918,21.979999542236328,49.619998931884766,7674.3701171875,26180.4609375
2026-08-24,AAPL,310.34,311.47,785448,323410,674124,445056,76845876.0,36167696.0,0.4118,0.6602,8,0.2483,-0.0024,0.065,15.850000381469727,22.690000534057617,46.7400016784668,7652.85986328125,25980.189453125
2026-08-24,AMZN,262.07,259.52,483933,222918,642647,379652,171486671.0,95489019.0,0.4606,0.5908,8,0.2972,-0.0025,0.0778,15.850000381469727,22.690000534057617,46.7400016784668,7652.85986328125,25980.189453125
2026-08-24,GOOGL,348.06,343.615,315610,111001,448621,317286,75022170.0,19123995.0,0.3517,0.7072,8,0.2859,-0.0075,0.0748,15.850000381469727,22.690000534057617,46.7400016784668,7652.85986328125,25980.189453125
2026-08-24,JPM,356.39,353.3,16170,12038,124712,126423,12864286.0,3032421.0,0.7445,1.0137,7,0.2247,0.0125,0.0665,15.850000381469727,22.690000534057617,46.7400016784668,7652.85986328125,25980.189453125
2026-08-24,META,559.02,550.2,419205,146370,485368,335343,155102409.0,132721568.0,0.3492,0.6909,8,0.3501,-0.0211,0.0916,15.850000381469727,22.690000534057617,46.7400016784668,7652.85986328125,25980.189453125
2026-08-24,MSFT,487.31,483.205,245557,160047,539863,299144,65054376.0,26739237.0,0.6518,0.5541,8,0.2617,-0.0057,0.0685,15.850000381469727,22.690000534057617,46.7400016784668,7652.85986328125,25980.189453125
2026-08-24,NVDA,208.48,215.38,1821365,989558,2092458,1510139,298323560.0,252640611.0,0.5433,0.7217,8,0.406,-0.0068,0.1202,15.850000381469727,22.690000534057617,46.7400016784668,7652.85986328125,25980.189453125
2026-08-24,TSLA,348.95,361.75,1582103,1263081,814002,655498,227390086.0,587018590.0,0.7984,0.8053,8,0.4011,-0.0193,0.105,15.850000381469727,22.690000534057617,46.7400016784668,7652.85986328125,25980.189453125
2026-08-24,WMT,106.49,104.191,229767,40674,320889,182985,32884380.0,4596189.0,0.177,0.5702,7,0.2385,-0.0162,0.0706,15.850000381469727,22.690000534057617,46.7400016784668,7652.85986328125,25980.189453125
2026-08-24,XOM,164.05,163.87,118540,14844,201206,150704,441121758.0,2286323.0,0.1252,0.749,7,0.3112,-0.0253,0.0921,15.850000381469727,22.690000534057617,46.7400016784668,7652.85986328125,25980.189453125
2026-08-25,AAPL,309.9,310.935,396937,213696,722507,447626,90483334.0,30021633.0,0.5384,0.6195,8,0.2445,-0.0032,0.0713,15.449999809265137,21.790000915527344,46.15999984741211,7677.27978515625,26151.30078125
2026-08-25,AMZN,261.06,262.6,287847,152131,673182,403436,157276546.0,80768312.0,0.5285,0.5993,8,0.2922,-0.0101,0.0852,15.449999809265137,21.790000915527344,46.15999984741211,7677.27978515625,26151.30078125
2026-08-25,GOOGL,346.96,349.375,113377,55602,466950,325501,35631475.0,16437201.0,0.4904,0.6971,8,0.2894,-0.0013,0.0843,15.449999809265137,21.790000915527344,46.15999984741211,7677.27978515625,26151.30078125
2026-08-25,JPM,356.69,357.0,10046,8911,130507,131453,12986509.0,3467450.0,0.887,1.0072,7,0.2273,0.0178,0.0662,15.449999809265137,21.790000915527344,46.15999984741211,7677.27978515625,26151.30078125
2026-08-25,META,570.05,563.75,256111,90531,508130,352019,159616851.0,130717703.0,0.3535,0.6928,8,0.3514,-0.0163,0.1024,15.449999809265137,21.790000915527344,46.15999984741211,7677.27978515625,26151.30078125
2026-08-25,MSFT,491.71,485.565,128780,91235,563526,307516,76736113.0,19891070.0,0.7085,0.5457,8,0.2628,0.0073,0.0766,15.449999809265137,21.790000915527344,46.15999984741211,7677.27978515625,26151.30078125
2026-08-25,NVDA,213.05,211.025,1229507,432767,2175126,1554780,418389385.0,181604135.0,0.352,0.7148,8,0.4035,-0.0079,0.1176,15.449999809265137,21.790000915527344,46.15999984741211,7677.27978515625,26151.30078125
2026-08-25,TSLA,350.25,349.63,1122011,692670,859594,639924,296953012.0,360840878.0,0.6173,0.7444,8,0.4028,-0.0227,0.1174,15.449999809265137,21.790000915527344,46.15999984741211,7677.27978515625,26151.30078125
2026-08-25,WMT,105.38,105.65,126590,34135,353996,190322,12461787.0,4657188.0,0.2697,0.5376,7,0.223,-0.0271,0.065,15.449999809265137,21.790000915527344,46.15999984741211,7677.27978515625,26151.30078125
2026-08-25,XOM,160.64,161.45,115588,13869,208664,154071,441356560.0,2794618.0,0.12,0.7384,7,0.3339,-0.0435,0.0973,15.449999809265137,21.790000915527344,46.15999984741211,7677.27978515625,26151.30078125
2026-08-27,AAPL,313.45,310.245,295673,143391,715587,446425,104032599.0,25632535.0,0.485,0.6239,8,0.2513,-0.0084,0.0708,14.510000228881836,20.239999771118164,46.220001220703125,7730.990234375,26541.349609375
2026-08-27,AMZN,260.28,261.275,216599,107915,675547,415480,156048487.0,82933906.0,0.4982,0.615,8,0.2933,-0.0045,0.0827,14.510000228881836,20.239999771118164,46.220001220703125,7730.990234375,26541.349609375
2026-08-27,GOOGL,342.0,346.62,101583,44656,476086,327122,33114224.0,19801241.0,0.4396,0.6871,8,0.2897,-0.0139,0.0817,14.510000228881836,20.239999771118164,46.220001220703125,7730.990234375,26541.349609375
2026-08-27,JPM,356.5,356.5,11222,14268,132681,134289,12528529.0,4277727.0,1.2714,1.0121,7,0.2485,-0.0003,0.07,14.510000228881836,20.239999771118164,46.220001220703125,7730.990234375,26541.349609375
2026-08-27,META,576.14,590.4375,391121,153387,501695,351479,255198369.0,185043847.0,0.3922,0.7006,8,0.3738,-0.0262,0.1054,14.510000228881836,20.239999771118164,46.220001220703125,7730.990234375,26541.349609375
2026-08-27,MSFT,496.37,487.85,120231,50037,587776,313099,91458244.0,17354101.0,0.4162,0.5327,8,0.2587,-0.006,0.0729,14.510000228881836,20.239999771118164,46.220001220703125,7730.990234375,26541.349609375
2026-08-27,NVDA,209.66,212.42,1328787,776352,2539382,1663889,394955622.0,266604733.0,0.5843,0.6552,8,0.4326,-0.0198,0.1219,14.510000228881836,20.239999771118164,46.220001220703125,7730.990234375,26541.349609375
2026-08-27,TSLA,345.82,345.25,469624,294794,847174,640531,255016198.0,208779368.0,0.6277,0.7561,8,0.4058,-0.0379,0.1144,14.510000228881836,20.239999771118164,46.220001220703125,7730.990234375,26541.349609375
2026-08-27,WMT,104.34,105.51,97368,29705,371397,192141,8576041.0,4778287.0,0.3051,0.5173,7,0.2411,-0.0249,0.068,14.510000228881836,20.239999771118164,46.220001220703125,7730.990234375,26541.349609375
2026-08-27,XOM,158.19,158.0,119008,10034,209535,158552,440300950.0,1781654.0,0.0843,0.7567,7,0.2919,-0.0101,0.0823,14.510000228881836,20.239999771118164,46.220001220703125,7730.990234375,26541.349609375
2026-08-28,AAPL,314.58,310.55,520670,282845,176,239,151653186.0,30248589.0,0.5432,1.358,8,0.0156,0.0,0.0043,14.430000305175781,19.920000076293945,43.4900016784668,7711.759765625,26402.419921875
2026-08-28,AMZN,256.26,259.23,346801,197775,0,0,109389048.0,97598165.0,0.5703,,8,0.0156,0.0,0.0043,14.430000305175781,19.920000076293945,43.4900016784668,7711.759765625,26402.419921875
2026-08-28,GOOGL,340.65,339.67,150126,68481,70,2791,43289864.0,22558628.0,0.4562,39.8714,8,0.0156,0.0,0.0043,14.430000305175781,19.920000076293945,43.4900016784668,7711.759765625,26402.419921875
2026-08-28,JPM,354.22,354.68,17697,12579,1253,92,11762529.0,3401194.0,0.7108,0.0734,7,0.0156,0.0,0.0043,14.430000305175781,19.920000076293945,43.4900016784668,7711.759765625,26402.419921875
2026-08-28,META,571.1,576.48,335949,149971,201,26,131404118.0,306058528.0,0.4464,0.1294,8,0.0156,0.0,0.0043,14.430000305175781,19.920000076293945,43.4900016784668,7711.759765625,26402.419921875
2026-08-28,MSFT,505.06,494.88,322352,160098,6,0,186269649.0,27992043.0,0.4967,0.0,8,0.0156,0.0,0.0043,14.430000305175781,19.920000076293945,43.4900016784668,7711.759765625,26402.419921875
2026-08-28,NVDA,227.98,222.86,4114171,1952912,80,1533,1462577026.0,234071217.0,0.4747,19.1625,8,0.0234,0.0312,0.0065,14.430000305175781,19.920000076293945,43.4900016784668,7711.759765625,26402.419921875
2026-08-28,TSLA,354.81,346.16,1011807,577936,460,8945,446247843.0,215577314.0,0.5712,19.4457,8,0.0156,0.0312,0.0043,14.430000305175781,19.920000076293945,43.4900016784668,7711.759765625,26402.419921875
2026-08-28,WMT,102.63,103.61,118113,80065,384,212,8576193.0,79167314.0,0.6779,0.5521,7,0.0156,0.0,0.0043,14.430000305175781,19.920000076293945,43.4900016784668,7711.759765625,26402.419921875
2026-08-28,XOM,156.44,157.63,125344,17629,0,446,438910009.0,5292942.0,0.1406,,7,0.0234,-0.0312,0.0065,14.430000305175781,19.920000076293945,43.4900016784668,7711.759765625,26402.419921875
2026-08-29,AAPL,319.7,317.088,380642,184152,920447,565925,152017983.0,40492430.0,0.4838,0.6148,8,0.2427,-0.0028,0.066,14.430000305175781,19.920000076293945,43.4900016784668,7711.759765625,26402.419921875
2026-08-29,AMZN,266.43,258.32,474921,199528,806735,533308,219994329.0,47866915.0,0.4201,0.6611,8,0.2924,-0.0125,0.0795,14.430000305175781,19.920000076293945,43.4900016784668,7711.759765625,26402.419921875
2026-08-29,GOOGL,346.59,340.755,144264,54200,723821,381726,61784881.0,23845007.0,0.3757,0.5274,8,0.275,-0.0075,0.0748,14.430000305175781,19.920000076293945,43.4900016784668,7711.759765625,26402.419921875
2026-08-29,JPM,357.62,355.67,17209,12839,108241,122298,9045669.0,3846829.0,0.7461,1.1299,6,0.2137,0.0247,0.0581,14.430000305175781,19.920000076293945,43.4900016784668,7711.759765625,26402.419921875
2026-08-29,META,578.02,571.95,184051,91064,642322,407177,143485125.0,150985961.0,0.4948,0.6339,8,0.3461,-0.0176,0.0941,14.430000305175781,19.920000076293945,43.4900016784668,7711.759765625,26402.419921875
2026-08-29,MSFT,513.53,505.33,268628,106413,802938,420143,213295724.0,42547824.0,0.3961,0.5233,8,0.248,0.0008,0.0674,14.430000305175781,19.920000076293945,43.4900016784668,7711.759765625,26402.419921875
2026-08-29,NVDA,217.55,227.33,1744083,1057864,2822415,1990124,312591936.0,347277171.0,0.6065,0.7051,8,0.3265,0.0027,0.0888,14.430000305175781,19.920000076293945,43.4900016784668,7711.759765625,26402.419921875
2026-08-29,TSLA,348.75,357.095,581173,411951,847242,693893,239715681.0,240229317.0,0.7088,0.819,8,0.3781,-0.0116,0.1028,14.430000305175781,19.920000076293945,43.4900016784668,7711.759765625,26402.419921875
2026-08-29,WMT,103.09,103.03,64227,34525,317653,147037,6925910.0,31305708.0,0.5375,0.4629,6,0.2178,-0.0134,0.0592,14.430000305175781,19.920000076293945,43.4900016784668,7711.759765625,26402.419921875
2026-08-29,XOM,156.71,156.6,126722,8030,179681,147287,437956034.0,2039932.0,0.0634,0.8197,6,0.2832,-0.0029,0.077,14.430000305175781,19.920000076293945,43.4900016784668,7711.759765625,26402.419921875
2026-09-01,AAPL,325.13,316.98,1326069,607891,725890,515176,413788018.0,77028158.0,0.4584,0.7097,8,0.2488,-0.0036,0.0725,16.34000015258789,21.959999084472656,49.130001068115234,7631.47021484375,26099.76953125
2026-09-01,AMZN,254.92,254.83,317045,223031,661129,431193,101375800.0,91006664.0,0.7035,0.6522,8,0.2923,-0.0012,0.0852,16.34000015258789,21.959999084472656,49.130001068115234,7631.47021484375,26099.76953125
2026-09-01,GOOGL,335.02,336.0,169482,72905,473750,312979,38955700.0,24274172.0,0.4302,0.6606,8,0.2799,-0.0235,0.0816,16.34000015258789,21.959999084472656,49.130001068115234,7631.47021484375,26099.76953125
2026-09-01,JPM,354.95,355.73,13058,13708,117542,134669,7929985.0,4157747.0,1.0498,1.1457,7,0.2302,0.0203,0.0671,16.34000015258789,21.959999084472656,49.130001068115234,7631.47021484375,26099.76953125
2026-09-01,META,578.54,557.8,371209,166960,512658,358742,207647115.0,116357115.0,0.4498,0.6998,8,0.3552,-0.0215,0.1035,16.34000015258789,21.959999084472656,49.130001068115234,7631.47021484375,26099.76953125
2026-09-01,MSFT,501.02,498.01,151775,90322,590626,322778,64670525.0,30169463.0,0.5951,0.5465,8,0.2469,0.0052,0.072,16.34000015258789,21.959999084472656,49.130001068115234,7631.47021484375,26099.76953125
2026-09-01,NVDA,217.44,216.61,1291745,727527,2282424,1718620,184333839.0,119392353.0,0.5632,0.753,8,0.3248,0.0101,0.0947,16.34000015258789,21.959999084472656,49.130001068115234,7631.47021484375,26099.76953125
2026-09-01,TSLA,356.09,360.855,935924,825065,865930,724891,287675319.0,348918770.0,0.8816,0.8371,8,0.4037,-0.023,0.1176,16.34000015258789,21.959999084472656,49.130001068115234,7631.47021484375,26099.76953125
2026-09-01,WMT,105.92,105.19,89223,38788,342533,160015,11483616.0,19235650.0,0.4347,0.4672,7,0.2405,-0.0054,0.0701,16.34000015258789,21.959999084472656,49.130001068115234,7631.47021484375,26099.76953125
2026-09-01,XOM,164.55,163.6,102206,10195,207932,153690,364355292.0,1335175.0,0.0997,0.7391,7,0.3057,0.0007,0.0891,16.34000015258789,21.959999084472656,49.130001068115234,7631.47021484375,26099.76953125
2026-09-02,AAPL,324.96,326.97,1094630,578548,808046,636406,123298943.0,40754751.0,0.5285,0.7876,8,0.2508,-0.0003,0.0719,15.199999809265137,21.06999969482422,47.77000045776367,7666.60009765625,26217.828125
2026-09-02,AMZN,254.98,254.255,435244,191980,703231,446980,118523384.0,77458109.0,0.4411,0.6356,8,0.2876,-0.0026,0.0825,15.199999809265137,21.06999969482422,47.77000045776367,7666.60009765625,26217.828125
2026-09-02,GOOGL,337.12,334.06,344759,96367,521100,336511,55102917.0,19535471.0,0.2795,0.6458,8,0.2885,-0.0238,0.0827,15.199999809265137,21.06999969482422,47.77000045776367,7666.60009765625,26217.828125
2026-09-02,JPM,356.22,357.55,15196,17999,121604,137940,9571351.0,3912837.0,1.1845,1.1343,7,0.2259,0.011,0.0648,15.199999809265137,21.06999969482422,47.77000045776367,7666.60009765625,26217.828125
2026-09-02,META,592.85,579.55,709463,307628,544092,380508,245389729.0,108873935.0,0.4336,0.6993,8,0.354,-0.0112,0.1015,15.199999809265137,21.06999969482422,47.77000045776367,7666.60009765625,26217.828125
2026-09-02,MSFT,496.82,500.17,186819,130102,613415,342724,51032305.0,25207276.0,0.6964,0.5587,8,0.2486,-0.0085,0.0713,15.199999809265137,21.06999969482422,47.77000045776367,7666.60009765625,26217.828125
2026-09-02,NVDA,224.41,218.785,3270519,2022445,2311233,1813655,511609158.0,233776418.0,0.6184,0.7847,8,0.3244,0.0048,0.093,15.199999809265137,21.06999969482422,47.77000045776367,7666.60009765625,26217.828125
2026-09-02,TSLA,357.01,360.61,1652789,1182983,996812,767712,546996591.0,211912788.0,0.7157,0.7702,8,0.4141,-0.034,0.1187,15.199999809265137,21.06999969482422,47.77000045776367,7666.60009765625,26217.828125
2026-09-02,WMT,106.09,105.97,101435,35459,343724,164779,8422676.0,19440593.0,0.3496,0.4794,7,0.2243,0.0043,0.0643,15.199999809265137,21.06999969482422,47.77000045776367,7666.60009765625,26217.828125
2026-09-02,XOM,164.15,163.93,97181,9113,212436,156384,363031167.0,1150632.0,0.0938,0.7361,7,0.2883,-0.0072,0.0827,15.199999809265137,21.06999969482422,47.77000045776367,7666.60009765625,26217.828125
